fixed acidity;volatile acidity;citric acid;residual sugar;chlorides;free sulfur dioxide;total sulfur dioxide;density;pH;sulphates;alcohol;quality
9.184282626239545;0.39895947057875586;0.19925937994179468;0.9;0.08358865311391528;49.96702463490014;40.486309904913455;0.9955295476669359;3.5623971391019946;0.8666377119453181;9.089269767817939;6
8.079420115962138;0.4970786406011288;0.35308950553740254;0.9;0.04038880724178625;16.12634295513752;28.41843824219247;0.996042401883618;3.2586632304779815;0.5566984146660041;11.10153921779451;6
9.446978056295205;0.7774777554466733;0.3051833519976837;3.2575012552137794;0.12418274418072742;8.02407778385209;20.374592245221212;0.9983143250871427;3.685485670760423;0.6619210410682694;10.91700173796764;5
10.970071950149965;0.41372644775758366;0.3508345241949927;2.8882056305412074;0.03740043017852891;35.76053786852243;37.00970339528119;0.9930655824286392;3.3136719504777865;0.6889553497007067;10.035062132231973;6
7.912573127981395;0.3861454388029544;0.31223507260216227;2.155683116607905;0.0933658558451672;46.156268709520866;54.53141973166236;1.000076860059258;3.1655997198386463;0.5506247456091772;10.108274753446308;6
7.912601694908426;0.4431061660072342;0.5129845045295447;1.0774700523298468;0.05158001303562399;12.990447385191757;30.82301733939542;0.9976192981375503;3.2149540201134132;0.9231826790735477;10.923320233949797;5
11.06783029898286;0.3584008505134318;0.08905988765962859;1.5387273278884444;0.06508271899659321;9.791760028374386;9.324960487454895;0.9966195693982456;2.9714912342065873;0.48153604521342497;11.69368671913471;5
9.655336428726061;0.5520806568790633;0.14137092369287907;1.9380402268034456;0.10219174400727188;11.947430116256292;85.18747460120935;0.9984229848781085;3.551052851237392;0.682955914813094;10.117411265183023;5
7.503114568473183;0.822442122524521;0.12319470539854346;0.9711522895838457;0.10310629729042019;20.355314486594825;42.80072432974128;0.99394151398418;3.5492142983565795;0.6802768941877053;11.120516687518714;5
9.264054475839579;0.5881542691608853;0.42773644425389595;1.5141100496515871;0.15738948825483273;28.54762154933393;29.75135582069129;0.995437068280213;3.157673884178002;0.6304099953564846;11.024764232280521;5
7.513653214506316;0.48457636961726824;0.4410757317950621;3.11412229102026;0.07538847745036853;18.6660066176063;65.50962996639801;0.996469956678458;3.275817356742714;0.4600881365670923;11.360858803198605;6
7.509630228787754;0.4774739715952021;0.3557328106705166;4.65343065065621;0.09222701682454391;14.085539341283209;100.30215008070476;0.9992945647038212;3.3243411316168867;0.796980661730227;10.462060842655507;6
8.7410143525249;0.24862565443460177;0.4948637967090863;1.786875098769953;0.06269524233883032;32.5835031277605;6.3404908470014;0.9966116564958596;3.165947042178683;0.7716757270248765;9.443811699948997;6
4.990892374295432;0.6889597598864886;0.046172235198487684;3.2868537722613125;0.08646177166427571;10.98082243579554;50.01400815370111;0.9975551038752518;3.046734695309326;0.5385595390350092;9.925125906076033;4
5.318642971427323;0.5159893045376956;0.586772581194716;0.9;0.09881513679731015;24.612509871993925;15.25118321533684;0.9955797999077214;3.278446359433463;0.7646622656449692;10.786853208386363;6
7.341619699120708;0.4975136155536874;0.559415338125329;3.1256366676803515;0.07476329420461912;11.145437604727746;52.12729940567287;0.9976249999310383;3.261838085581113;0.7028488069192462;12.365756884868304;5
6.5576738506181025;1.104759362212075;0.4097681794766919;1.4640124954553015;0.03087087614613469;17.166110028662303;41.13244898381764;0.9998867552266515;3.2517383138516838;0.46199285909900445;9.902099003179982;4
8.866790358715777;0.5837755235058235;0.6085417926665014;2.6042564016368206;0.09343159478190624;12.377012043791844;56.876256937589446;0.9985915007141809;3.343407409390145;0.5147557529859009;11.281122564574318;6
6.740038108593093;0.39467761098286686;0.0;1.9531600423127975;0.09504892321947306;12.81355586934979;27.56454911373503;0.996545233623222;3.5244279487788988;0.8528803585335636;10.068979597775867;6
5.862591559676592;0.45325563268300223;0.17035485411009615;4.402641107658804;0.05528755821717518;10.56323344805268;11.468911492181784;0.9979834326098044;3.264536092046241;0.6912786130075644;10.538201568798165;5
10.870228857923504;0.7367202276554159;0.1302923424704291;1.4114937278846444;0.040414034984537224;29.71982942903147;28.437981927292768;0.9977972822137537;3.3355664498082045;0.5539632645862065;12.041474521712043;6
7.9271492371534285;0.5503886738967976;0.4070810715138952;3.0744722554043347;0.1691470078688436;8.532057568414318;49.14652095661372;0.9976625165762248;3.4190305785617405;0.5141628728565864;11.237793062119863;5
8.437499076156987;0.271109963902874;0.07047325947559235;1.9212777406060946;0.10151424972644058;8.494697897769646;72.47074975483447;0.9988127113856348;3.3931214389769124;0.5608729583425996;9.091809778167177;5
5.840938155988585;0.6954612082235366;0.41392407837412226;2.0458381093901687;0.06986072134176649;47.37002964895646;17.94449614870141;0.9987985076372912;3.2178364713328236;0.571044809738106;9.807451724521597;5
7.372774059326183;0.4097340646029811;0.5304018673593756;2.0189270297104756;0.04362372862446819;23.840317728325882;73.0124285582725;0.9964583986659378;3.3244565684671055;0.5157960725114887;11.764156838552253;7
8.513005306095167;0.8671935997191582;0.4020885510159599;1.4326927271995464;0.0513716613776929;3.1628439117908127;25.070135380717854;0.9979195702168078;3.392130973025358;0.4110316536122725;10.57180950561249;5
6.317271175285193;0.7244086518286368;0.3239126944956852;2.204603133978591;0.15460806639086702;9.436046728045248;47.77350228625713;0.9959721196497964;3.1407472993733836;0.8532548007141478;9.190741072011026;5
8.97371455192147;0.44948205878142483;0.08230406522885766;2.1498223085253136;0.0844966611072633;4.462500148460189;27.37789500168472;0.9949461624470004;3.4995308516194763;0.8174002382435316;9.543720883878118;6
7.27488867954128;0.7605829451123203;0.10909831643618075;2.516542184942465;0.059131093486266065;7.4859942467467775;42.58132644869329;0.9961879618641625;3.524738335782117;0.4628550750745213;11.172738069300953;6
7.812452875359699;0.5422139918949326;0.5074275920063667;2.3201978672872436;0.1024793327893553;2.0116471692266984;66.97739609851816;0.9965550715116949;3.201582961683326;0.6616054759228209;11.484019000902864;6
7.2730304947208495;0.6834992615219996;0.4180763107420132;3.358326605342526;0.05156964735371866;12.204074119274924;17.323525944181487;0.9935429961205618;3.3390505027522255;0.5084915042168897;10.439105172585927;7
11.542964041045552;0.6172519071130055;0.26258629131826666;3.584054796038199;0.1713512481284506;6.673617342500497;24.562804022299524;0.9983346318628918;3.4063417385006547;0.5981412332746793;13.068585767001629;6
8.296514828955996;0.3776558021016428;0.1905971863044808;1.2883125001609774;0.15868711244713465;13.736155408802427;42.65726744471249;0.9914420816970555;3.228157876550687;0.5856603310781435;11.301843028897533;6
6.4795829836167345;0.4141610301828569;0.0;3.4838078855960775;0.061764551797265504;4.992557852379266;175.53858369937262;1.001858152185024;3.382242076853214;0.5734590016476145;10.159475255492797;6
9.75122814705955;0.715392947164609;0.06653804044995665;1.200808707539526;0.056784287257258634;13.92728639367545;21.851299817089696;0.999553570354213;3.334488343943825;1.0618513664952929;9.547194528533701;6
6.195732049050422;0.4697404402208227;0.6331696265565475;3.011779950640611;0.02023552683883935;10.32778467387449;139.37656875490035;0.9962040834240726;3.08981227335418;0.5716463189991325;9.376873794036225;5
8.683422655308275;0.45734327661644064;0.02671344150953133;3.061961286619653;0.036485104920968285;32.66072658449828;136.23600114312032;0.9967179100850712;3.378874197396784;0.5207480642490985;10.778900812913996;6
4.910173984449191;0.3580779357171165;0.30600116603200533;0.9;0.03927581289054658;30.930980790584407;35.625042078932154;0.9972756465598158;3.1449786375593445;0.5268124431842027;9.897008561942654;6
6.008956274916732;0.6062478318068231;0.46141435490708776;2.3304105714219228;0.08438841621661308;21.237215230617345;31.339228444863167;0.995580595262821;3.4508804277493073;0.8326946980696579;12.210905816762263;8
8.662538550412275;0.9012544854637661;0.03156469307956445;1.742011721344987;0.06642782826522727;10.89032985717376;24.37293086591651;0.9970659763804152;3.2093183387299167;0.42047921660384774;11.98895362912211;6
9.604931849192015;0.3378440754342309;0.30509499020840586;1.4987009069062809;0.03915650929536925;43.66452355849071;36.29304482985236;0.9964264000423668;3.285807184950828;0.5268069038404265;11.097381205822034;6
8.618180809270548;0.5343595022010965;0.44820395212702446;4.472646609168837;0.06799887131536134;5.213469765285673;15.446406620246139;0.9965208818372612;3.5158418370169864;0.9222526923093771;9.158474094936121;5
8.118771988644461;0.7841996999747772;0.2723748711623776;1.582590646630554;0.10224827985543962;5.703193441288065;36.10737669227385;0.9970447760206133;3.384457246979327;0.6799094844291608;9.700725806368926;6
7.796079569674638;0.5156645495757712;0.814996580576686;1.4621709594263477;0.1034485686609813;12.60038568467589;98.54089097987851;0.9942042971831274;3.148078912063818;0.6709965422426775;11.763574952542978;7
5.747371736760677;0.6114269233249522;0.0;2.3096275516972002;0.02937268457193054;51.31077288562673;25.665691708040193;0.996775182475854;3.1577625143801376;1.0971979439090307;9.81751916621924;5
7.067471077393208;0.3387691649335617;0.471158420677937;3.1682683366368756;0.07361080494039525;11.73433143643523;32.50915242083283;0.9970105507185733;3.2201045817064413;0.6803165936619567;11.620691655293891;6
7.5184885385299705;0.6070952774973768;0.23716766989467178;2.063576297551453;0.03839224628491294;11.869678776247616;12.800382766972783;0.9969448142805762;3.3691966125035;0.5341256436525396;10.927826197647194;6
10.159392673620914;0.49631403229918125;0.41666482941896826;4.064807172386557;0.12558583092436887;5.5733201086165955;48.128866007179205;0.9962899215646713;3.3637449722399153;0.5950400261132551;10.47533813675011;6
8.917895823849124;0.7074313992223753;0.3538483588228567;2.9242882633779135;0.11815605848326306;23.38762807605161;44.87797923486874;0.9988619297743419;3.1835346543005696;0.4793089311818432;9.667968890159077;4
5.252310129668843;0.7437294892816552;0.13070032254910066;0.9;0.049380702211004955;23.489646714021177;39.4805692495455;0.9960280601457251;3.1349185771578463;0.8786961403562517;10.319159087428515;5
8.883906106746943;0.9961214555633504;0.31350931456727466;1.6878244189548508;0.05287925876076535;21.284842488942186;33.00876185811171;0.9971319192229641;3.3522375107628752;0.7393298876909702;10.622923311716141;4
7.64995683207561;0.6343339711784436;0.0;1.6597398104628303;0.06193478956579029;9.080410904125841;31.447311337421567;0.9991648653144586;3.282720990131476;0.849888024465569;11.5248166211822;6
7.142155719467632;0.58864333698479;0.3846170251085648;2.847097430761888;0.0244570991333036;8.667485406391691;52.22019060607849;0.9965491853339614;3.6335823831171608;0.8691821060782483;9.472262907321882;5
9.38431674258311;0.5649891742839205;0.32665010853819987;0.9;0.09364977632982832;6.094325177545664;37.21688151722575;0.9971074802081884;3.315490548484462;0.5754425015258131;10.138785978497056;6
10.113939169142954;0.4664300672940761;0.39134543204218947;8.322531346415;0.06829290970777802;13.935324722590389;46.34764038514298;0.9965168691910017;3.5821379241550413;0.5030417394882328;10.467960751167544;6
9.940427407262186;0.5909270918231044;0.47104248176655855;2.9243647011639653;0.1301241030849039;6.92488681701999;43.48242147266508;0.9990510026077709;3.1344424602843493;0.6308161999526827;11.129065842724195;6
6.85976150959261;0.47682774617497475;0.3398477696398451;2.398911969627725;0.04450640481493672;6.532924929317898;77.64379248791653;0.9962103233329861;3.074018059065744;0.5123046677633015;9.447943158850629;5
7.781970466018887;0.5603229757285306;0.2981369897616725;4.0969498613466016;0.05706615955052393;10.27349815040935;58.3941197057129;0.9991383736968477;3.14198723012117;0.6664263678241467;9.011270321610679;5
8.896398370642201;0.7671675564094328;0.10259701603435449;7.482252234050294;0.03601612751236989;9.877375600671959;42.87286080129215;0.9965031830001706;3.48836946721802;0.8515445320003673;11.141142712329753;6
10.017448521192906;0.34882233824966463;0.13467805490668033;3.4873742298604893;0.0467328354474502;9.591933807120299;99.90499462596895;0.9950670265254488;3.57341523845403;0.6124738026570569;8.795794447007028;6
7.486236826149196;0.7351781410032282;0.4954795778336929;3.631368950857935;0.04261851234630938;17.535238929187372;49.56928346871337;0.9979908090240909;3.1926730819071047;0.66390401631496;11.79492829479552;6
7.996953380604959;0.7670807121211758;0.5429037270841359;2.3764062477395638;0.13187689583033943;13.89500034465819;87.18119159026247;0.9961211311158643;3.2409150955360664;0.6241158642285376;10.253159075693288;5
6.394977145229511;0.5087476651416059;0.22475901710070975;2.063707673599534;0.05477130904637698;11.144813496183415;55.84097413238978;0.9978789517082884;3.134652863468125;0.7833448134480917;8.764141741966343;6
6.238600474099633;0.14806611817845303;0.2787405219781221;1.7354339175645837;0.08390770760418882;14.79033617660736;11.700473396008778;0.9915141316686449;3.038254022932242;0.5396233816724328;9.905950365238262;7
9.733794930965905;0.4205920423230022;0.09812326875118446;1.4472915554910568;0.06457547242497984;7.304613757052883;87.17407416221518;0.9967098899976005;3.4177617546664947;0.36629198898818566;10.825662287384084;5
10.679857649713233;0.7634590183809997;0.49282380060081454;1.5554830937391595;0.04072801512174002;14.115651164591222;41.323184242864464;0.9958267499323609;3.3434530454443245;0.7201526545256872;9.850009836316174;6
8.194702388450219;0.5258837487862013;0.396429196501438;1.1028335774905147;0.07209804762087864;14.505200193039641;36.671340621684585;0.9946798084955906;3.3115731974010814;0.8209715051294982;10.44143183124205;6
10.066147242332121;0.3501255981869161;0.6388313129281123;2.1351391067722933;0.10734361999053087;5.372376304614261;45.36367352236469;0.9956488420965044;3.099991519425493;0.7156956715322693;11.211883851304657;6
8.949246683582883;0.4391405141789209;0.10311861533584962;0.9274819445680302;0.042052526599647956;24.09723697884384;30.41643288486019;0.995609964025844;3.555993502274299;0.5434047825042861;10.203656341135247;6
7.197491626987084;0.6813116047708195;0.19817849918653876;2.4517543142372977;0.11969596473975279;7.803964668620987;43.8179964604705;0.9966088269897839;3.234496489292579;0.4793599815754538;9.417348286181237;5
8.948828353584641;0.6284120422762483;0.31397472527985876;2.1793467966629625;0.050633499478534474;13.98930933014088;25.982271670516614;0.9941020797235586;3.3900439637224715;0.7244783720491863;10.10008712281213;6
10.996183625650787;0.48699222214945503;0.3928330121678964;2.396499274215433;0.06124111378645625;26.66721289123654;85.4902037642273;0.9973009201824935;3.0918157892132916;0.6624725784084745;11.933878946011408;6
8.257662691948685;0.46397160587335623;0.22902314886594988;1.6942534354291972;0.10360125766269608;23.10485214125548;35.256882620125374;0.999295808091891;3.2814212215569944;0.6190828101414522;12.223018849506508;5
11.04247996111637;0.4594835331721121;0.10413739281379694;10.941284026672529;0.055769581121493585;13.526789432187732;29.69521827180693;0.997233764144201;3.3537061684357874;1.0143725645860622;8.4;5
4.6;0.36396616679026955;0.43746743049547854;4.4941721447587275;0.08022238702230639;10.658112789029877;21.00709098555548;0.9982370783575352;3.359061282707996;0.5027807916135253;11.58739986283488;6
9.75011035761289;0.8207676241044995;0.4070157188836605;1.1651245134440842;0.06682669949997753;23.409866152228865;45.00113708325714;0.9987796686637662;3.3331972814854938;1.002252565562942;10.687658056157831;5
8.471461898734418;0.47198231554195885;0.09590792089289228;2.5056461639616456;0.08413397208752728;19.87166059791096;42.71568991143771;0.99904933007315;3.384178373807316;0.6443080167943913;11.408661466658561;7
7.79972721018939;0.7490885337485894;0.5275341322100442;1.6205000120567186;0.022886848775588702;9.139811047264699;48.57205542113573;1.0002532635163606;3.1404219315950557;0.4013745196128982;9.830977561513636;5
8.479663751171774;0.8038368893460413;0.49233775474735475;1.3126734773714073;0.030458470478210126;8.220333150742835;19.679055899602382;0.9957515162032757;3.339605890815949;0.6107588772981896;8.52795804483341;6
4.861630088594447;0.7096959616666328;0.29551633447708064;1.1088422847262118;0.10828658821724385;3.8164656815030304;13.643588427039287;0.995334880428194;3.3270636525220416;0.815096110327352;11.045403003852783;6
7.937770915162729;0.4523083437107513;0.2851235938514469;2.7783740971292508;0.13472571277984582;14.535108522915383;56.50954798348508;0.998188584731817;3.3447509026292592;0.5826565255496252;9.413154330427492;5
8.94137587443044;0.6026714162605897;0.3752709765120224;1.5600316540350754;0.04906263225612032;12.6086025578189;97.77422253492564;0.9980457058173491;3.3208517825978774;0.4398078205581142;8.934527098311207;4
10.891535637850238;0.5256447908496351;0.10627641665131098;3.6673297189046727;0.06932123289765285;26.21901044810909;19.6903407101699;0.9981737830692698;3.1190180839129904;0.6130367942813852;9.009310520753392;6
7.418209820203854;0.36733366506857695;0.2757059810411756;3.7169984929544824;0.09166756430463566;16.4398915987005;104.53736893845038;1.0002896366630756;3.112330037183654;0.5143327685770012;11.062977747184409;6
6.913221130965854;0.5883846707098885;0.0;4.526427587986897;0.11271322279069783;29.530772329726545;45.437928245009026;0.9967216028267172;2.9778597721173172;0.7239858646246626;10.56921413865124;6
7.446942744162906;0.3177728375912356;0.4365265726455578;1.4277162137734563;0.027485959022955996;8.71625920749945;37.737179642988515;0.9975096974633277;3.4326301764767946;0.7775436925357364;11.2572386434059;7
9.912799684801609;0.7437822899230815;0.0;2.841207979428662;0.04968865612716156;26.24987827042644;29.412959309998577;0.9948372623221814;3.43414862646028;0.4890227270658723;11.13591052231111;5
8.892026930807852;0.44636888648628925;0.5556497674015098;3.0822068881995635;0.06620956459135025;9.644285327492467;15.66682584935092;1.0007571101355544;3.436532543683318;0.5344482172780214;9.96960108589537;5
7.398217245445353;0.5662087380571111;0.20727718214637444;1.736889176868449;0.1132947715808792;21.138593497489584;71.20249167429047;0.9960605646497027;3.3560184943692177;0.774248343460742;10.344593275951123;6
9.21308533361724;0.5809918168783056;0.22978327343307642;1.4886318890039916;0.28746660121221307;5.5172053457868175;23.107486165732343;0.9961143897364945;2.9900321173422832;0.5141148687850442;9.872761844202683;5
8.48891493586559;0.4833971047332661;0.15073055784394396;5.114317959708364;0.06989969341401638;15.260693020534267;23.04562565383291;0.9960411752070844;3.15599342623221;0.4858246259447402;10.194949283033925;5
10.005442283527227;0.6356048842655495;0.21527261395480551;2.498679314423266;0.03792446932652604;4.022809927044344;71.39350302620102;0.9954746978685758;3.3355623126389666;0.47408250540130464;9.38503743036026;5
7.0984276166534075;0.4445173418079456;0.539520955578127;3.0878247297298227;0.09692601754307181;11.286402363975448;11.397816135028398;0.9953140696071895;3.3303277004187692;0.6987867532856323;10.83781819444554;6
7.749867864919883;0.6868335135423039;0.0;1.4503221467569614;0.15609099332530949;17.262588129409355;14.33614391366471;0.9957049618625099;3.276587768027197;0.6912333300402999;11.57037920141048;6
7.637731813550046;0.2877236575555853;0.5126234233567557;1.180477245067993;0.08320732656177265;9.690434608177826;37.47147621357858;0.9941049877367032;3.365337580436237;0.5374036175978871;9.546224058091545;5
5.773483990250114;0.5527483243183542;0.33422446140932455;1.6532084433540977;0.0491603951585657;7.05066901754247;45.710559056241145;0.9952078959514998;3.311747756152787;0.6399628627565113;11.790958520579437;7
8.835249282092363;0.8790072198304912;0.04066588690712906;2.082515305057501;0.12930461507884283;22.026742565291325;51.651231107518775;1.0004030299117506;3.3281155698327045;0.941217030958356;10.541468001231397;5
8.774236173593009;0.34994036157099656;0.06569064532064482;1.279265742202353;0.11099194076208735;12.452322428419844;31.266390636799027;0.9980977447729187;3.2141402000751977;0.49931901296068537;10.67795450475422;5
8.328897414557883;0.4080059053055268;0.5885146751695586;2.209469344230865;0.04620766385440271;9.874916977526322;190.57596692683566;0.9984592179357827;3.457301647918239;0.38972878261231436;8.601610414019955;5
7.9118183879272435;0.6225034129386047;0.09035369281088108;0.9256390410070966;0.09588391091727037;13.588372047629175;32.77647267177644;0.9989366966960922;3.2453842586979422;0.7172757776110699;8.486229328764665;4
5.85725490883228;0.5623247207491276;0.05086340298676769;1.242781238395265;0.13196528669347904;64.56817704518805;32.71599991715371;1.0001848556722885;3.110402637546906;0.6215025530226067;10.57420450817426;5
7.588077138388275;0.5931134178692407;0.4860897630492987;3.144256759446012;0.14522626714491998;26.49305401496123;22.794324914183136;0.9933342971522567;3.194350148077191;0.5338767581838696;11.265013373356249;6
7.7236767412434215;0.6180536834265794;0.3343250464943237;3.0367562391682266;0.07600897645450483;26.63778833395328;41.027045188922614;0.9943632220809556;3.257730071295703;0.7539992158993042;9.701622925299901;6
6.924037551554384;0.6442498643411186;0.09179414045808423;1.8125799391277255;0.06533968055061286;17.21281172483587;56.1274747336056;0.9951729250443001;3.459100418255327;0.7906246289225115;12.207000473623905;7
8.039362861701145;0.7297459715521202;0.31115874532687765;1.3104407520303798;0.14868514384470083;14.644237974741166;81.71881893714921;0.9958075133866698;3.3036598002347812;0.36519521059305754;11.206381492452117;5
9.023048490857297;0.6037673582471322;0.07510699010834733;1.30391028940481;0.04200019043908675;3.1420752667414145;14.653555630955779;0.9961289181578881;3.282077767155153;0.5417041320292273;9.448074860672456;6
11.601963468106323;0.4865736221686624;0.479156065700295;1.8301459437030294;0.09876867667625498;8.813037221524604;32.39997515781136;0.9958507426496686;3.122700486285606;1.149976688622161;10.453008073747252;6
8.6237653943274;0.6510632662164916;0.4716604833258954;3.101539455273482;0.03865827302957394;9.928419896412683;50.4126627655065;0.9971166869349509;3.4278223884744365;0.7409888159345135;13.070314173084052;6
8.76813767985761;0.8719787482811387;0.3710811777761692;3.5928650049911584;0.13671028897598836;4.297045558737905;55.136786605410094;0.996767061242416;3.2122071768964924;0.7586041285739272;9.090456517004315;5
8.19046410656687;0.5061259256511368;0.33871560163693315;1.716882565981728;0.06881910222316795;6.611878873416588;38.06642990133258;0.9953266138891613;3.2949958211587997;0.8603952862379808;10.985248834639163;6
4.981338085379668;0.3545847251592846;0.604625743724801;1.2214244778560883;0.15190506524877442;4.032126752035406;53.58835092393656;0.9925664573237236;3.5320274615322798;0.6419095167291795;10.074663328586023;5
8.273865856718363;0.7292745204716551;0.2699404022037628;2.551480883254763;0.10151252522791013;12.94917101708081;22.62075074472328;0.9948135494597805;3.3863144996573955;0.7821458779283831;11.176379031282808;6
8.424800565297387;0.5083313904883523;0.045443916170047796;1.449225892328615;0.041716670635013636;21.66782550103333;102.45444191161778;0.9956564465587061;3.065761892842724;0.7667144607337864;11.77598280156067;6
12.606041275724397;0.13891948171747354;0.3554000434381383;1.6976629701068002;0.16471011453673218;25.75982205744697;71.42548652938184;0.9962305490700654;3.0445734645471294;0.7327038533435953;10.006726315078836;7
7.985291921280847;0.6825359018870759;0.6663489394120516;4.4137494894357445;0.17588955490671496;16.999496250695938;16.06771860443986;0.99455363182731;3.300353432482113;0.5890476907096831;11.617236130726676;6
8.844692375660486;0.43364092652829395;0.07719569629468812;3.409397910058382;0.12432584296697266;7.4290827997799465;19.087162958366132;0.9957674677136569;3.1280889077687792;0.6676270272350749;12.796687631870999;7
8.259601520712877;0.513704009185251;0.20132207432814275;2.410249777340931;0.05300164454446097;4.151989603467111;19.43356042922529;0.9945511239618774;3.40728201214495;0.550595657439422;10.490913968958331;6
6.286500214542015;0.5897564595024227;0.349124747239276;1.148709512823301;0.06712811037292228;4.612714314079907;58.430499386711084;0.9964609432320582;3.316339459744747;0.6412177120297217;11.259830895618778;6
10.308511697256137;0.564289942360232;0.2597580786889096;2.4779170289456025;0.08483764928799735;6.183331051451378;16.69705284078279;0.994661126476111;3.3348077153535796;0.4753097157226373;9.788228375882495;5
9.628363476874988;0.6577013270850272;0.08336231972831018;3.8520803598704934;0.054616752058473154;7.7692341670615575;30.688611583268848;0.9950870811528961;3.2039885227536473;0.5230814499513635;10.440607460663397;6
9.696395587854902;0.4516124532974282;0.4831529926837895;1.827903632893093;0.18924403812416796;12.038382348672974;50.670735733656585;0.9942135001511206;3.571207548293006;0.5950045883201682;10.23095765080218;6
6.737665828657154;0.6223590436716949;0.7108077371832793;4.473253435177692;0.08478922985799753;7.205967681195615;36.3402480368621;0.9964083486784174;3.736389059201569;0.5031752993502229;11.272721440454697;7
10.760862101028813;0.48328159803489495;0.30726497721454243;4.339956606952912;0.019360671777167493;16.242813413722306;44.71804006165752;0.9950537492370904;3.268212291436493;0.562349959843064;11.70900325125991;7
5.880779150741431;0.6629858865597505;0.09822702495015989;5.260054370162572;0.09381446112549867;11.525236857651635;19.200792319852585;0.9984228901066834;3.3629558872622503;0.6131282475448294;10.302669311444319;6
9.34113134321247;0.6407661471223496;0.0;2.6014201212882484;0.0656767848772952;13.334897223012607;55.41183047274756;0.9974711155067165;3.324612601459647;0.7077386256577461;12.060976444934228;5
12.131392788909363;0.3616210336319729;0.3190154364320244;3.0110554592013936;0.07567551132162322;26.28301241828165;25.630877860250916;0.9965672814504511;3.2710469704838396;0.8129836594465164;12.057150762470943;6
6.596466794272603;0.7254767809115058;0.479736695230089;4.621899784253554;0.06498347897178973;6.521887608183054;30.81430779402594;0.9951847775550469;3.1851894298400807;0.5682576132280777;11.326133505202494;6
7.334641950491177;0.4335265798794714;0.3602818718341225;2.800315327271281;0.11956775418331367;17.03956961428887;44.1183257936469;0.997422988580101;3.1472548018779283;0.8965053080075992;9.86785161105775;6
8.493393375252497;0.6754504036906062;0.2695432702254178;1.712703333536447;0.14061592783730237;13.139954599714864;40.48528401683853;0.9980123316897624;3.1396604101711714;0.8107929500029737;9.765343166088304;5
7.443952361837813;0.5961117164122414;0.15803838616003185;1.7601201555364303;0.0911146015707022;10.845468833776671;38.49227573063482;0.9969711079831831;3.370786003832372;0.7262425837126547;9.550751950481658;5
5.6218456299449295;0.8608730618231221;0.062488909783562974;2.513042233481785;0.06597880354585545;22.55067014893244;23.478819979652467;0.9997470335253872;3.2320488282694546;0.6645191547031328;11.435607695154832;6
8.439299576162488;0.4897761231730666;0.42860275200172765;1.1376640437715735;0.0770053941645064;22.466280278481037;31.31130195386258;0.9975733109043422;2.9232560724789205;0.692981009457468;9.12340801798638;5
6.471591538116578;0.4671229766987245;0.4436166080632613;2.061854737955211;0.07947797130799741;7.504902241851604;37.960531536076985;0.9984358537133793;3.3767287330897484;0.8634879869257284;11.144216289898777;7
9.144050829305217;0.5265044709402081;0.0;3.9203381803789012;0.05189074541782735;11.877414184226733;15.761425578606707;0.9969537742895184;3.3042608076303766;0.871519426092641;9.2632129978282;5
6.720201832433182;0.47542763908983054;0.57206940585433;0.9;0.10622629154826205;15.688931282308307;28.218054657107075;0.9979837624611883;3.512000950210172;0.8964694332542541;11.301194348230911;5
11.01688586473052;0.673989542349569;0.37907353196986027;4.919233574175018;0.0998742760719767;11.246684748150773;48.54897488871993;0.9951861156579286;3.3659683595636514;0.6458682648086324;10.4384249535217;6
6.957139271334948;0.23906409048141422;0.5359229825777008;3.973167759796228;0.1749067269197901;18.829666796113447;16.774929699825037;0.9958290431098957;3.0881989605534557;0.7356672931591179;11.846993261190015;7
7.759612961802125;0.34033716455365626;0.014995727787828152;1.7499128821012027;0.15086604500756848;15.688745977384025;79.30418675700238;0.9973637907516165;2.975548503890503;0.8984255254158012;11.64135639880376;6
9.735519958223225;0.3377954741157453;0.010493410471066625;2.9431655144387356;0.055130032134784984;39.83506994822019;85.23638473139697;0.9973499890149591;3.2020791423493096;0.5456840234950117;11.955519990842259;6
6.178296089404919;0.7010553665552437;0.2416958311442136;2.224397734772058;0.12039237719879549;5.285217183967609;17.124165170463396;0.9976644624635922;3.216233886895952;0.5895846662958278;11.98307602856935;6
8.715780286211185;0.8379104070647465;0.36552904111008694;4.201070863174676;0.04804364916910986;12.31122207170524;90.16078719647955;0.9987907464953296;3.451473880150025;0.6417416138496711;10.573684992367372;5
10.594428392451425;0.5111991406632551;0.6113085563561231;3.6956779357542935;0.11287201835427343;7.678110348659722;34.5884129945217;0.9939925547735508;3.308669360156564;0.8028155780012453;9.180091418925674;5
5.522979171863464;0.49961208982579813;0.404154993624875;1.074891929438787;0.060182202707104726;19.046767622636356;49.513826935773785;0.9948485401595405;3.4800532747147765;0.8059906249879288;9.293800331152806;5
8.64126291384621;0.5426093893603726;0.22389055740571367;3.010853703928933;0.0462754782182547;5.016452596698313;27.610265356781582;0.9971361880180412;3.111275041644605;0.6028139580763999;8.4;5
8.772196061992258;0.7391380944694743;0.07498985054348051;1.9962713096325782;0.09097257517150448;16.314549155910754;68.32298807513851;0.9953237090995735;3.4547896576570674;0.4360528263834131;9.26047755823194;5
9.68037179689252;0.3630764358456967;0.5037001088166385;2.318187430203956;0.019651836320431857;9.07589743358275;49.12288900380447;1.0031177596584497;3.418148373014638;0.6802883147960535;10.493641313743975;6
6.167705763072138;0.5729064168922613;0.08670596910736415;1.522653789949857;0.03172752262319136;8.525726747095106;22.545957367848512;0.9976798672764233;3.0072648832853206;0.5064236373071845;9.821170026517077;6
6.02240549323336;0.7055355733608374;0.5794090254067412;5.4952646733371635;0.0717551682903862;5.557983330447023;18.020577638193693;0.9965511713870328;3.508392676189116;0.4381214444319802;10.227254903281459;6
9.228178324173403;0.6201969505891721;0.21596691657476325;3.8072322366896527;0.08211104154126703;10.02127403517359;14.927115525606576;0.9957206083811407;3.324018773764953;0.4639572175327791;10.947205498823699;6
8.836753331425744;0.5641246909877738;0.5722105937973916;1.513527488044714;0.06495991108984774;25.417489346698606;42.738450431336815;0.9957876916619333;3.368806675580276;0.694257332780296;10.094650173869638;6
8.755857559601825;0.7101882966620854;0.3989969451112629;1.1119854101585318;0.034679615592818146;13.051736394567055;54.62590241854288;0.9967572672564988;3.1802655831357365;0.902417146231061;9.219643183558535;5
8.922819884524738;0.12;0.24397085700593293;1.8184176802715943;0.05147628995207883;19.318363402214114;57.43211822799648;0.9969127656719804;3.501287051938296;0.6454702280231066;10.363039975707128;7
7.136756984453426;0.6520175575155633;0.17131468935303595;2.7816677953004905;0.09637168603339052;36.01334923177938;35.15817389023427;0.9958322716250824;3.1321221506141694;0.674313939935785;9.458615179153055;5
8.724121433060146;0.41226637703706376;0.20522750330424486;2.5151933890644202;0.10638359626798134;15.525296656855897;18.115195853005392;0.9961810107316122;3.434813802756092;0.8625788727315103;10.130258448232402;5
8.829946103539706;0.2004860785658378;0.35138017155129514;4.2517634728514535;0.07801496786299154;9.472725833793557;24.52882755869345;0.9992541406929457;3.4330911213863007;0.43210920611342263;11.856771351932613;6
7.07702853263412;0.6220164679144965;0.2846597342813662;3.3443011889169685;0.14335122669173;17.543747029825877;79.0902328754432;0.999330559429037;3.1638748857741668;0.7292088921381789;10.130559324617092;6
11.566447649391877;0.7772585381293324;0.15717583246694605;3.6706441729045993;0.0966814590005316;9.55560549683272;27.822928927799747;0.9971788645618763;3.6075060399133863;0.6372638738986341;12.314924582082087;5
9.14446928238651;0.5052592673670155;0.2385300320396499;2.6307232238529306;0.053391550658994986;9.78721826407414;41.541104614278034;0.9941516065182502;3.344729272032628;0.7377380456893483;11.951850506023627;7
6.247131914867392;0.7015174184965289;0.2849296356466385;1.0809097854486578;0.06802222175634973;5.318291432720438;19.080495513557587;0.9977231559976142;3.4080838915406537;0.5654274548572154;9.800143319820423;4
9.462403279022864;0.8202100864379562;0.0;2.006571024164132;0.03800542183693764;23.112912699841562;46.991313537952294;0.999653136639061;3.080931880699637;0.5194728867098882;9.23109756993512;5
6.624053893804461;0.7666846016451285;0.3570519418098528;3.846957723744883;0.07438313492761355;10.508708953695853;28.305504494081728;0.9993025840937285;3.627659500451285;0.6623097233603358;10.363767046745393;5
9.689527210511867;0.8251936152868508;0.08385296730380673;2.1622541302652434;0.14006368824370735;14.78221276351545;73.9339325720408;0.9980954091203385;3.1263164589662367;0.9707894956611423;11.654060706834672;6
10.335956307472884;0.6635829483929406;0.05086684339090846;2.882328899333563;0.11225074853689032;7.112238952958207;62.106005071183866;0.9994026036150431;3.4637329649148896;0.7949819157982425;9.895495730335304;5
6.892012766068024;0.5435780550022867;0.0;1.8825976232965975;0.16278921146281253;17.216961211212116;27.62692412430547;0.9968014301177102;3.1607842423102457;0.5619687558144244;11.39165661914049;6
9.99627446488512;0.2416461538585097;0.0;1.3022837866988322;0.0672371263714574;8.384653344953312;34.963883657318384;0.9978933956426841;3.2171516795728476;0.4549789657083834;11.713030788375614;6
9.038238812869507;0.4857087521366093;0.01246497440866506;2.0832464921527607;0.15813658619017562;12.169530953899953;26.66702060592667;0.9954065264239822;3.428313106582817;0.41729792703586693;9.591792554112011;5
9.750384678390413;0.3782156128430856;0.13528601805020682;2.606554446820478;0.07116911403130184;22.450253465943586;15.321581539791739;0.9972553043666958;3.4641329070512734;0.8921973430731145;9.69662533553121;5
11.620419789817868;0.9207696891496064;0.641119236130048;1.5809440035184505;0.16877072215211983;21.306383704076385;21.931596489305228;0.999226115063544;3.1193073626328847;0.5017264981239589;11.182548374375898;5
7.8930246781550055;0.49834055376217945;0.1700828615799113;1.965387341776882;0.07778735335186933;13.076521221269005;43.01964679733218;0.995580095518175;3.473570825358549;0.5885251766987616;10.58247687811648;6
7.008499074017968;0.5521768652212075;0.303772520190926;1.3647151768160533;0.1135354221798971;4.581616756543325;46.65294284282759;0.9950632574840179;3.4667470742699793;0.8933539842272816;9.685914166598264;5
6.77224489245159;0.6292673676872842;0.34609146343620245;3.966729030508571;0.16907975353595103;72.0;41.67734023308292;0.996885228984145;3.169306988673266;0.4245700818316059;10.043166920512041;5
6.900490104160138;0.5378484403470417;0.29490238538101127;1.9064502186032104;0.07116455924141546;37.81369757928477;31.267696468973767;0.9962693418129245;3.5497971390386667;0.9329358768691219;10.344544078581661;6
8.185843025619459;0.8351091872775356;0.2552857424620612;4.715218001296427;0.08810951147030315;20.452659457154144;68.76137969626859;0.9979333806700338;3.091471355762794;0.5993441331617225;8.745605765297658;5
8.91360443618096;0.41792311488779865;0.04289418491614353;4.904635451532306;0.15351126027563564;8.428771734121758;39.47652650809897;0.9958388069007007;3.2162841125833577;0.4777139920419727;11.239238123936484;6
8.801441990834233;0.5650293419427037;0.5456762341730503;2.1294206142776546;0.07343007702460413;12.376792020952252;59.38100039686604;0.9999650352696452;3.3818503936137985;0.6003002998599292;9.907799357835065;6
9.759298853322681;0.39635529457435137;0.6133673622911983;1.3167830114736978;0.03965606725230641;9.560632919535477;12.220552780001155;0.994249615413874;3.181965057294609;0.5321783725259902;8.4;6
8.34262329186756;0.292395947980273;0.0;0.9;0.23907301882459742;28.30856270431219;6.0;0.9990820960938175;3.3495728628519013;0.7146888403457091;10.394458063908885;5
10.849149294253731;0.41988156363704865;0.07543456773158791;1.0355379990827664;0.061662436158884955;15.513619666029104;45.434360640908096;0.9952467864662147;3.3461614118204945;0.5423175674222073;9.626518752983946;6
7.8594971101659565;0.5233333765312859;0.21683603494836884;1.0896077614255815;0.08542615511929912;8.273481551065677;15.26952765170903;0.9932876328042903;3.281938859511592;0.3937099752590923;12.227039745763864;6
13.053094349865937;0.45272559958689323;0.08673781896706365;4.537126703155791;0.14328974576727876;9.987148818195006;33.101063467236266;0.9971519627970629;3.434860080788584;0.6043899256451424;9.793573827615633;5
9.40866118511111;0.40536422362270597;0.36613345515661444;2.3581675228373413;0.057381615340224255;25.983800762444115;31.260433864629572;0.9962162448265737;3.2757458811013542;0.45318670802093575;9.245521600970886;6
6.828545851835669;0.27686285653906995;0.13162828154274353;2.717685728663801;0.04664620935490946;34.64392618886496;104.40131067330319;0.9945917422009842;3.344731160322071;0.6731082964768189;10.963487956859357;7
6.456647053373665;0.5150409969268349;0.6813606528832545;0.9;0.08973973263980603;33.18231984149665;48.93210167489073;0.9935053839057411;3.4819707816231853;0.4730695646434561;9.713321316231886;6
9.159502002523142;0.2591503326744196;0.49620423292528326;1.1935924265797344;0.03104225229051219;20.87910762682588;42.140347168639174;0.9966841145041843;3.428602931503876;0.5647788008827115;9.585981864660111;5
7.9311747535330195;0.6668100734641285;0.3103890658201208;3.51702087508357;0.06776151455353961;11.385213269816877;64.671868086749;0.9985540900940852;3.4279025936221315;0.6694110029969159;10.965166479622114;6
9.56236085972024;0.5448391555282106;0.46512739003074915;2.5766376089134484;0.0893357855497058;1.8909685293295284;47.95824914979911;0.9978114116368643;3.137623059667483;0.6056325667111938;9.306699980558164;5
9.143433466757969;0.2676407300963125;0.4801210806278887;2.0576418577631785;0.06839544308619397;15.839939309709553;28.305641220894966;0.9968077426327946;3.3887188863251985;0.6810208602147583;8.860717185726585;6
8.193277691977041;0.4743423661310246;0.1628499772689338;2.9760701809247934;0.03533293736096008;13.236152756694642;75.11166917380055;0.9976098103891138;3.1782251813545743;0.759408916176189;12.266817862240941;7
6.846578930560976;0.39461184699369506;0.11491872353702672;5.1844464610339385;0.179849966234552;14.412966533846346;18.669740032572548;0.9966482931484821;3.117787753033296;0.4765832172590184;11.04006364923269;6
5.684165829046596;0.5874514118754525;0.28484718196423303;1.9803863367469154;0.08301439091641363;13.68667712087663;46.593066368215645;0.9939835239382423;3.299244048057255;0.6287914609598062;10.137296065056029;5
7.543063983403384;0.7712810802841661;0.43371086365460937;2.3020684830109817;0.1652684084704577;5.974217365961326;14.118483527707104;0.9940003014280755;3.1743557220022613;0.33;10.416279385618928;5
9.810133902122843;0.19246895546376602;0.2964214757441494;2.4538905313789305;0.06874808458928977;18.51994934880274;43.177158637194616;0.9963139797949292;3.428592657825997;0.6804865152069306;10.961274863184286;6
8.692523114786555;0.5507046942465351;0.0;7.672539182867207;0.04984425151395569;19.371066310976392;42.87635773449521;0.9963947587559044;3.4321803189542988;0.5922209271376194;11.46147107108636;5
6.1524145250411415;0.5011760967980048;0.11746335564933998;0.9;0.09046140894085088;19.963103598158078;110.50682348633659;0.9983168670891629;3.0246060645352837;0.4981321460447724;9.611106438292937;4
8.621334810981057;0.6508412137610838;0.2559451559170682;3.164384395341554;0.07034406017020811;23.396724381026036;13.962531551353978;0.9981388780251721;3.1857546190634665;0.6923838538117434;10.81177678278328;6
8.990452240728176;0.5683753930827841;0.2556235351780923;2.092489654074883;0.042711904316751106;19.04612915414289;25.833277879066745;0.997849752729942;3.0910319992123;0.8603523930880514;9.877826531455044;5
6.782088061010029;0.3946455202870126;0.6447830135900635;2.979047623157132;0.16861316665925727;10.358143474120336;64.08397823655274;0.9961674628451533;3.2406056085110664;0.5664984275439437;10.217790068371492;6
8.587481684345219;0.47257029158000874;0.0066622909441903895;1.579564089011886;0.05697308586651543;12.698747589912555;46.95336766884109;0.9940767608767908;3.3782763504803235;0.5030338809096774;10.591941368187447;6
8.42128317009604;0.38671534577537203;0.3660619559488162;2.1651225707949022;0.03029172356456275;13.996159571434934;42.53065834008931;0.9974829351604255;3.273656785273242;0.6664379189114743;10.412853926833641;6
6.3312316817747165;0.7236812849477477;0.552931490582375;3.210952765109743;0.15667254567182312;14.136190649242254;20.592804209996086;0.9976978216951982;3.22153611389993;0.45559809229590953;11.207056581183751;5
8.942550007006012;0.5338360967609497;0.7015754516303313;11.147633361970339;0.06056785865851162;24.133794632107385;25.999816724060306;0.9921617902212925;3.505026479021971;0.5406365535685569;10.941182618253686;5
9.295765075880729;0.8722143234355414;0.19316448959504737;3.3758503221582923;0.057401558696888885;19.504773723070947;83.9101202976362;0.9951147574454929;2.964271424110557;0.8712593708117877;8.80625894597177;5
10.204509163124982;0.5190810535133683;0.36337159601683794;1.4309173009450087;0.031491253636002726;46.14423446252908;36.681770336541014;0.9953869966829516;3.495530784027734;0.6492907476534968;8.967129168439977;6
10.153615570540731;0.40248678195611676;0.3782544678677429;1.7828742272694507;0.19407424112830943;49.865487200463605;48.16874002303585;0.9969248653821345;3.228356756026677;0.39693374118676067;10.024403147307556;5
5.922855299754662;0.25753140932969115;0.30714152899512526;1.7556819786451214;0.04030741284725807;13.900023591900535;35.22089430366812;0.9951736151777452;3.2982836484830815;0.40531833879146506;12.376629030812753;6
6.688184430547687;0.20543485827392993;0.2512194117645319;0.9;0.08109563032494348;1.322636642308474;17.816071399195422;0.9966275443192332;3.2308954993419836;0.6659415839207172;9.508796739223285;7
9.21616136494307;0.24485553025901188;0.3528353240050087;1.8715635814966627;0.12629725501849784;27.852789690199536;68.79402920980796;0.9962999836133294;3.541433215830868;0.7952802698476981;10.197201700714354;5
9.213987554587243;0.578082797182067;0.0;3.246795720571593;0.09790865801997453;9.578129402224858;52.264606404149;0.9963976160040784;3.1253532254792113;0.4241699702092859;9.846109751156522;5
9.216182974172524;0.6215705041813882;0.39959320311189994;1.147333204491905;0.07627730464160337;8.187858603566733;165.11216246626162;0.9953388508419686;3.3117604554582902;0.7163014848950309;9.827172509025754;6
15.023752793739215;0.245385673634216;0.2939738016957738;3.823884774494329;0.032549390234257;10.430464862603882;19.826176456632922;0.9954859283972733;3.3891157977789996;0.8954241423444921;10.61071652597841;7
9.31334948860611;0.6911068965337008;0.2277297696121296;2.859540093276196;0.05169479338208191;10.132840161351883;64.07949975583968;0.9946474925864167;3.068349584817225;1.0313254490933912;11.918831685529346;6
10.295884213914242;0.44304901069698094;0.658903817186716;1.5178778191755544;0.08672272140543222;19.140375237588387;16.41372645304033;0.9974221281370903;3.172015274433077;0.6951098098501104;10.907886187872231;7
9.979963068478172;0.556422742157399;0.14176253642979508;2.0637035193579325;0.052302954007772726;5.19346581609022;41.912031890346334;0.9977850949943237;3.2877732199752656;0.7267413475238708;9.560221871273011;5
9.453420777272088;0.8201997130859764;0.19341556207764418;5.0847194561450975;0.08742537209281898;6.936070191960816;70.69436808815529;0.9952358258947619;3.1770002447973438;0.3722123572893172;13.365955576559431;6
7.771431514325799;0.6914310768557957;0.6483951274188995;3.248005401094562;0.11204445795731958;16.28367064497807;10.101702866934918;0.9995892161824325;3.187661234317128;1.0882265492663812;10.504073346428404;6
9.640606443658285;0.4816644833769502;0.11190835207852726;2.2309047281603624;0.1296073516034377;19.263484000127292;33.260291189638444;0.9961022572498601;3.2575206005385344;0.5523947714853225;9.802373576671139;5
6.975284126704626;0.3695853994252483;0.16547809624205762;1.9633795574492827;0.04165269595028067;19.47987010240317;26.46199298000813;0.9996073526852135;3.407437199746926;0.504482170822527;11.93094312090502;6
7.907935624272385;0.14267322776072516;0.24206516954813853;2.3107220650166984;0.24581727694274358;8.259219855379184;24.219544395454154;0.99547995836972;3.2585923334682785;0.5991063470756919;9.918094438800114;6
7.47546742677736;0.4005524025363644;0.42973955160461436;1.7033821429101828;0.11713908975856138;7.363029049986577;48.47258985994054;0.9928495022244611;3.471763929170942;0.9375364786233427;12.199317610836564;6
8.462461002532201;0.491996557011015;0.30948247639712956;0.9;0.07860424203084823;9.7742227079209;77.50805841764341;0.9974641758673335;3.160336332601097;1.1185088297510883;9.488412213665667;6
12.347505906011905;0.352307685112787;0.024401184041070115;6.399907264839505;0.13843412342398909;15.30417873541879;34.81659352948789;0.9971722356997261;3.1222116609289823;0.6597798024640019;11.950132516145866;6
5.070958564890359;0.5063737459233851;0.168887973005834;2.406942540922255;0.26830260462954625;32.33911675048684;43.219686517305;0.9967653482110844;3.59895181085817;0.8231070014614409;10.635121000781414;6
9.514092731251655;0.5438333389325783;0.15460265768967985;2.7297451454547867;0.037305227115198195;3.874014696471169;40.776500397128366;0.9954797582909565;3.2113062808501733;0.6461756301459561;11.801425888991604;7
5.513874384130006;0.48952592327454586;0.25532800140762135;2.1551107272673793;0.06999920907099978;11.605432405253985;37.95132448107866;0.996634312771577;3.1133631989391763;0.49131793655658484;12.454889308310653;6
7.498838553526386;0.41299953545177726;0.35091029513966754;1.5171829524118545;0.02291425475919;5.9512380496550366;18.91448856171108;0.995728607030048;3.0486919087342255;0.9292731355818171;9.208110199142258;6
10.214774038723217;0.560357840954011;0.34945909361871474;2.016761574022853;0.08694119355296424;4.911887790309303;76.90489758346509;0.9961255358239697;3.4712655180713408;0.5459037710215422;11.785075848211404;6
8.431847233226106;0.6095493169224937;0.0;0.9693918223152856;0.09508998438287661;23.684876466124706;45.76634043362509;0.9982991012859537;3.2588043228009913;0.9432226168298037;8.912472822264817;5
6.444724086403007;0.33372816606028777;0.47214878763656265;7.228510005206949;0.07709231247129013;18.37828874784702;48.772625003261425;0.9970500127361072;3.2719435397400405;0.8882357833426427;9.299512739884396;6
7.075371545887656;0.7839678283543287;0.31798808073935847;1.171197361247858;0.05602767909842973;17.356986186997815;22.656209985266013;0.9978589076359308;3.286119743262004;0.7467638942092426;9.560351878022093;5
9.502500083146336;0.5122541361888329;0.5330610890428422;1.3008304552005252;0.027176416924520105;23.04039888939629;28.27777359228339;0.996259449837411;3.4619414327004674;1.0160479871358987;10.958891200710312;7
7.049162060812183;0.5333929321300727;0.35439768218522766;1.7676930825073331;0.0954922513774801;9.933522942587993;33.877242152294336;0.996050167042971;3.283070524903612;1.1254188080996053;10.4553269883203;5
8.696637945872636;0.6574785961861803;0.47925136196979484;4.329465908659368;0.16736293786694814;10.218439052130076;14.24015190511444;0.9945083831913116;3.661608066824894;0.6113720719553937;10.241164389945766;5
8.399295001432636;0.5719789036274303;0.3586436091755241;2.2375344482291766;0.05790405809262243;49.24820756635538;12.90789964018502;0.9959969304361205;3.3300640861081345;0.5206780787844644;10.576471748553926;5
7.186215395165879;0.7015645941043841;0.5257828936785222;1.1702121093319344;0.09884455241587473;11.4266866577297;25.835573710945372;0.9903898823443806;3.469267715043748;0.398465566883164;11.052679860544016;5
12.050462715426066;0.5816823497363284;0.36922762084337796;4.254420848805281;0.03488331273755522;20.606265563859154;52.911958093477566;0.9955785782640193;3.430785978685661;1.1289430739225028;11.135025492617247;6
9.42301909883334;0.41976127256472123;0.25139610317584826;3.2437203211675625;0.09972783059900146;13.301586456951096;24.986035601269943;0.9965444390633375;3.3045329019612946;0.5717395849624811;11.59075851410819;7
4.796251899215764;0.5950706345370983;0.7017625968849076;2.9356155473851877;0.06415422572480531;4.366338102517516;19.785426817429798;0.9977709799431134;3.2219543520969305;0.8521792870935994;12.36743724966116;7
8.644430507698804;0.3241292826822809;0.43891705323317953;3.218156211984377;0.052978831316303134;3.8805544629285094;22.53829803054127;0.9961895120327026;3.359794589284983;0.529667627264501;10.39714226148762;6
7.168491551303005;0.5495407470397742;0.37901143999083853;7.681500672515295;0.05303530779665857;9.358575910819239;28.347846272231035;0.9973605797302655;3.386514809681091;0.9438766416317044;9.86243481051992;6
9.80323400254543;0.524018601683997;0.027502160857716187;6.891957331518607;0.0641465971789677;24.987605980261492;30.2446233156607;0.9925584015433586;3.224112092781021;0.535219039208107;11.07648365822815;6
6.941013915127101;0.4925389656909429;0.02522155268192785;1.5557239647906156;0.09593403630174545;21.274827707385594;150.98832474955316;0.9965920099808069;3.3349508298925983;0.4725196884351699;9.195647346596855;5
8.120358591847596;0.5068632479409925;0.3256159416069522;5.152535142736334;0.039836008055778874;22.94443773343074;74.30801141736958;0.9935089446934645;3.4954307467389394;0.606239539469226;9.693786578640575;5
9.198677865425996;0.191267171810425;0.2976490275759658;2.708635038433041;0.06403013627519752;7.324299545397095;72.90597088726346;0.9944042233202472;3.6204921608604517;0.5585490405866648;11.489337612640286;6
9.826414037856011;0.43122951660662695;0.15331671264841995;2.8763677469455344;0.07700001973268115;34.9737295795387;79.9138017746388;0.9963443854590587;3.4381553980524133;0.7434144857085367;10.287182638945056;6
6.23148425172295;0.5467120822054007;0.29678671292629144;0.9238342572061345;0.04449186480645439;7.422406139313668;20.03938863823452;0.9991249015769598;3.5894139529570426;0.6308670735015932;9.127234069556899;5
7.7379678496367506;0.5587741505595321;0.5718391163282832;2.0330690849865993;0.1997649555994644;15.057553647170776;17.375006652468503;0.9974052928505931;3.2155938683190315;0.7493549359899063;8.825910720059264;5
7.493595158579937;0.3450184746333276;0.40212647016455677;1.457293701621997;0.05053447396461378;13.168563211801661;18.704085246913223;0.9967346388945606;3.415282337808894;0.5936926178769216;10.472126846951374;6
7.183207135321742;0.7578274113556461;0.053208383146979746;3.4110653165443585;0.055596282240422554;11.936679079671972;88.84057070969259;0.9966628922600126;3.510777926287191;0.5399893628455397;11.641829294555771;6
11.391890378089109;0.3740885273213899;0.24881332284284072;3.868933829196888;0.04736685475056181;29.608260077717286;26.73389477449142;0.9953441051029115;3.1755500000542005;0.5512660410967872;11.62754398195837;6
9.024668177072062;0.7045022960948126;0.11705636863801346;0.9;0.19995307819207242;8.675799428368691;17.056479786650193;0.9956664315145919;3.2371614831932485;1.0732128130818153;10.538642138095335;6
6.126061919457022;0.6068949851369033;0.1963370158823734;2.1955541105475262;0.10480220330165754;5.891039482282602;28.791752291850838;0.9975120144863946;3.5706857142752875;0.6766748939065456;12.569533078432856;6
9.917079787875311;0.4136790842281155;0.1914130235303679;3.972112103987717;0.04840283441710174;13.410799291618085;32.553141470403034;0.9940678150149554;3.1637351716319593;0.38657878272743046;10.307842208443704;6
12.012551782801982;0.8495559606697121;0.17924733930523903;2.015973102146725;0.1396379905114117;10.421813769015406;44.99072684275223;0.9978268026955378;3.1088304951016434;0.5601888759347021;10.271732642964771;5
10.116489553358996;0.3151453702838336;0.03152427932505499;3.240465560929353;0.08730480951721817;72.0;44.49211048771652;0.9959618365724742;3.539197236045927;0.6550240797494578;8.4;5
5.676296259240017;0.6954477512498003;0.24574561051154392;2.6640787796087038;0.08990353232634733;19.89330560260405;22.345019652423872;0.9982685584422522;3.4895144837470657;1.0202865153878609;9.9413216443975;6
7.477432713212723;0.7101048172477361;0.1634845489990112;2.650986698843536;0.06580226197088296;10.36242991880328;58.7178356535809;0.998526077568741;3.3748180365975653;0.8295185548817698;11.331656087352089;5
10.524425399584723;0.409288362366204;0.0;1.9294528994698752;0.05333729442493186;7.026681533471844;25.209380005326725;0.9935211403762392;3.303143386803126;0.505987206039425;12.093438630439884;7
7.088655129823322;0.7806437540115791;0.660064684655316;1.182132566877353;0.09373714364380036;4.283140412110098;34.309314433090286;0.9955949965498683;3.244221324159253;1.179746401042249;9.531648941976005;5
9.092245804974437;0.48499162737218854;0.4768662343011677;1.241826561382232;0.05930000268287117;7.158279118749446;58.759734554229986;0.9950744973929129;3.3522923310713577;0.6341107607597942;10.914609992343562;6
9.667863252967047;0.5819648532703743;0.19850286226425076;3.2075295874033163;0.2018573381643935;14.197816738609486;25.1671362099382;0.9932558168663611;3.5469710436102324;0.8765591556588908;11.540160564585918;6
6.707140979454136;0.5768579309788198;0.27357561945071374;2.243281364113407;0.040731694133818934;31.22913537836447;26.358473869653064;0.9947381867752022;3.3457849189213116;0.4769366842375892;10.431992723919612;5
8.216425880452467;0.5058244265353015;0.04738567400966327;2.066933402573338;0.17451849709968859;25.99162091109505;55.29926326885377;1.0013383861060041;3.635043890087045;0.3480358746898211;8.4;4
4.6;0.6759454891687608;0.5921873467840644;1.7827537737684829;0.07426056266398456;15.20542592431409;21.927527315208767;0.9978580688028037;3.1753087021539654;0.4472660263014416;10.68460029954445;5
6.537565504078336;0.6728279696993984;0.6304848520068912;1.8958744774699046;0.09187539378446753;10.912894567010873;29.65339902839528;1.000342847140351;3.30704788685076;0.33;11.234730767745155;5
7.880531416575901;0.2152642448171275;0.2997718083668397;3.820772824636136;0.12119800881297851;15.57252278741593;54.04578045448505;0.9982752870360349;3.2540411998504126;1.0916345010862891;9.406257502330249;6
6.148857263381162;0.7647812437180674;0.46447082239521553;1.8665709688104035;0.05673780216479139;9.704008856697595;140.62374293437233;0.995290497994084;3.14722876852565;0.674852893617876;10.148054651964406;6
11.160395668841046;0.23075144215357865;0.3033044879974455;1.1082719644214236;0.12316815768554394;37.194355247214276;55.78618600848834;0.9959746347263193;3.2870374400485516;0.5056120836207557;9.183619234922222;6
5.8315540023485;0.7158583167814984;0.016022166613573193;3.2650589246879527;0.019318586361365242;11.827370963312083;51.25406853018196;0.9978180287424566;3.372599395249066;0.7168302399307077;8.4;4
7.554322593147249;0.732806924628965;0.19175355989690512;1.9970486689725782;0.05415756135305501;12.581065560155777;53.192331049862446;0.9975312617865988;3.3886345269928047;0.6705565651209466;11.518894720612792;6
8.547488604477799;0.3336260425612643;0.29506631368667185;2.257203740671237;0.04871838859980296;3.5013673863140187;19.110477729084668;0.9956030501701542;3.6355678268416836;0.7480704400888827;10.415989068832019;7
10.827815522975042;0.4560534281681748;0.18363593343874562;5.109171995395452;0.04106652585222058;11.783092495162029;40.81003247454625;0.9938310129758995;3.379670120458534;0.8684218654011356;12.12951224647433;7
5.821599856947776;0.3309731596725316;0.22845587728734318;2.197232396451266;0.07037443144004871;21.89964848819152;37.194326603842555;1.0029467462560386;3.4825205205519425;0.5938582079998961;11.337334745339609;5
10.34390492874963;0.49131421454802765;0.25263408407326815;2.5798574205859213;0.09609919988111718;6.97784822918242;46.543652144261415;0.9964318156225487;3.3199141369448464;0.5113864260884022;10.04099555501797;5
8.337805526174082;0.4745538288465666;0.25463308540556223;1.2054310983172234;0.11326655886987258;8.441353817813939;40.83377474094988;0.996081096102953;3.5617083400678893;0.7883335694377226;10.330996693688283;5
6.612174947176566;0.6703388958084812;0.27992911319452185;1.9817961012513856;0.08914315852101509;21.33137495677104;48.30234287345775;0.9969153354814201;3.6697673928382106;0.7832664351936358;11.025809808124084;6
9.12406004521809;0.7658555743015296;0.06848503738464584;3.0457968298033875;0.05570432789928931;5.458209578440595;31.074051507667765;0.996238815680309;3.3896627696463923;0.6556668403350273;11.454565255928646;5
8.666363870297838;0.7812230859421921;0.13376693166569215;0.9917631262947251;0.09526879064778003;25.013129603671818;39.35243946058797;0.9969331849246404;3.161101147682263;1.1098981103624506;10.765257574893953;6
7.275622633743698;0.42880975521590564;0.025928989517005847;2.4644031200932255;0.08391249517100796;9.625607501466419;17.31452331196934;0.9991451998436213;3.227679246583425;0.5720091602989117;11.602984665459749;5
8.441455627882632;0.492340062725985;0.4557849544403781;2.339864939833246;0.12784174328826212;10.492527380724752;30.90712071680722;0.9964633578885959;3.3522901454807745;0.5087983548462327;10.102564451758315;5
7.649554341460538;0.22698112540022902;0.0;2.2688053604093747;0.11771506690228792;6.74641688031815;92.0923544146016;0.9944908501652773;3.378474705287597;0.7105836979272478;9.353056404939315;5
8.517520180737172;0.38494338803068606;0.48918216523021596;3.8015084162826027;0.079927586905153;16.628490567132165;46.46125965378006;0.9963928767904907;3.414763770157656;0.5386456314620338;10.35065409868959;6
9.47210737366662;0.7036732939575424;0.5334063854799403;2.6410828602369207;0.04940053468778849;58.063161617149376;37.404890587359404;0.9958176366153212;3.379029652184506;0.7246655030014606;10.639547833087716;5
11.079669260092913;0.8208049082386817;0.21258568847330195;4.777494370344227;0.056073709396872756;21.18818304533773;127.13772405979498;0.999405407980769;3.3110477374383906;0.5174924180894183;9.134357127628963;5
6.166201032041283;0.3078172030616141;0.0;1.326963100334236;0.059155562551101507;7.884760310257926;15.905423253531893;0.9989251262230014;3.2145702338196807;0.5774833644384897;8.989707369963114;6
12.031478071901905;0.4233564333524791;0.20135099322621483;2.3828621467450843;0.06680675595229074;26.210023194834935;18.673250235287984;0.9969042975008185;3.3701707391896343;1.0321050600639228;10.898703337226568;7
4.923367228830847;0.5252469637473932;0.25780500935512435;2.320151739836489;0.09040838502428863;10.955504880457179;113.0936638712093;0.9942704018758435;3.5882481036220986;0.5767015706116225;9.985198169033646;4
8.055893934638085;0.5804290085875292;0.07798633821350642;1.2759321110061541;0.1140041057360532;30.253498069920802;39.03606441148345;0.9943708046994642;3.4629892908141633;0.5219918164415186;10.242550230941658;5
9.343671939283162;0.3842713664141037;0.17210850517643386;3.6454778444641103;0.07661572776414077;21.511056671460786;32.47061116030083;0.9967287341970107;3.39020559244543;0.8599122952071492;10.035128847700118;6
8.808925849858957;0.6063309880035361;0.5607370877840367;7.409007017491393;0.07933486561663707;2.262117829059494;17.633734737584223;0.9973390136417105;3.464435038573413;0.48967118767225903;12.047042964886638;6
7.236502835512167;0.4447089175272351;0.3963361608373308;2.20128394042968;0.08474437959690218;7.249747677527712;50.444610258998225;0.9959882166432805;3.254340395664872;0.5361931378082012;11.77008444162265;5
7.957867284378342;0.5273985912419098;0.09433281826816108;2.8852145788934753;0.060204333252015525;23.365943875424783;53.65802480413136;0.9957876777900063;3.233760228087502;0.7397046378542531;9.09603155165809;5
7.4621783736936305;0.628331164640666;0.0;2.320213897109403;0.048684808396252686;14.514392665154542;18.852402465942788;0.9955736814569606;3.197832234345103;0.8107519228087176;9.849911262003921;6
7.294505322917072;0.5311560085659688;0.20786670965414356;1.5342091853622755;0.031654178939769295;7.16457264705897;34.661468530396206;0.9966555514755365;3.2912070065845844;0.8708342237174175;11.329504566727465;6
9.798307648816584;0.4514505397052177;0.2294432119234168;0.9;0.05485979610918598;9.056614483501994;30.600768591589247;0.9921727515310612;3.2466991154936378;0.5288672672796959;11.06407177370047;6
8.941206945579182;0.5102702352933505;0.3642778455990301;1.5404328909936214;0.10055531702234376;4.216903633353841;44.635057167332796;0.9946074794053376;3.491241211097821;0.7433596366718194;10.37563998030713;6
7.114337304246462;0.5140946673430397;0.1682898246121448;1.0794208262183733;0.05463938857583267;12.565694018887514;18.55688727243063;0.9955086033936501;3.238701487347672;0.5679230219803929;9.202767780688268;5
9.885303783253857;0.463398014621217;0.3671849193187537;5.371268546469492;0.06954526864179038;49.9920626056573;84.28079030788285;0.9989942560704087;3.1895917425662628;0.5481875729827722;9.689682150615706;5
8.8547011663253;0.4834167087199216;0.6376792676114436;2.092156254972304;0.1002057671229544;21.48854829947284;68.00884493030097;0.995153754080335;3.601386576824595;0.8670322379241403;9.867058702725469;6
9.73438008677979;0.8177564906908491;0.4249451942644099;1.8562720980850203;0.10306566927746547;49.38702663629718;30.065325115731234;0.9970428894694793;3.2422937153377984;0.5560378696564733;10.716383934297438;6
9.415554184947085;0.630965500629423;0.2608631836071532;3.520803517643494;0.04494426609379435;22.511976003331192;33.0173652009885;0.9971304312267689;3.333029268587553;0.685831761182362;12.242988055526045;5
6.877548680995594;0.4768135427547512;0.23520141049987403;1.241684358368796;0.1319511737773349;24.56170860459148;34.74681590223575;0.9991660413607555;3.3776984237115117;0.6648443473614575;9.685038148776703;6
7.345284990057273;0.6554517928119324;0.2022321045058245;1.4924233383165404;0.14117584725419421;43.36912456840553;23.067670370346125;0.999098897073232;3.139496032161878;0.48723083060850947;9.322142285115893;4
9.620290872914476;0.46991249184391826;0.49432177336590744;2.300520882700794;0.04378654851256905;16.62067208422656;28.564195019202664;0.9965907443592897;3.4953225654254605;0.8164600559029814;10.303812469794101;6
9.38204426185423;0.7411624347655954;0.1508104452692525;3.7850139880717317;0.05131781531799508;11.841323171338463;31.901887679425975;0.9957965789917401;3.405567856061684;0.736658733289402;11.523960709150042;6
8.283631226502383;0.596535594595657;0.2785923147099967;2.880230299079347;0.14592092006126473;24.638218941411523;106.11208235488408;0.9954387171046312;3.5437576017821173;0.3863311327712373;8.871835225566047;5
8.52414964695728;0.5106856140792388;0.2797276013574062;2.525799887566578;0.07290449069318443;31.73040047412809;69.35866089644492;0.996241979877315;3.208116709417285;0.6856955859167569;11.975388541436194;5
10.543136918671859;0.6105890466458499;0.17466100336580892;2.3125295650254936;0.02487948921465287;9.932056830994135;68.83110717520705;0.9958753366267852;3.324868868871424;0.5254267191860301;10.235926442536234;5
7.2906657834256565;0.24724229262767017;0.00923154590202082;2.7327016496635324;0.038068247102545895;8.590456810686923;48.00197702655996;0.9977518920777807;3.3159033632491295;0.8440194680229448;9.63427759752469;6
9.271949443235865;0.3271818555962351;0.331365155687357;2.4654351232279934;0.06912946422243565;14.403221598351264;18.579678338670146;0.9974985886532219;3.3495832741525033;0.44309487328354635;8.70779746316449;6
7.9681847847650245;0.31509349884817006;0.2584092453474771;1.3021755109959494;0.043039206044363544;21.83417201322896;36.91705047254982;0.9978244222631756;3.091807787713426;0.5839246657928633;11.175977227560072;6
7.941234706384637;0.5557297570574672;0.3650456891929483;2.2744469343287177;0.06349083748077643;21.400417204861316;70.42336541395021;0.9990926390517287;3.3266254568038334;0.7005575814610489;10.236846821091557;5
10.231871722457711;0.8418526999073166;0.1686159417765583;1.2730031841167422;0.08000720960193601;5.63303197604222;16.981443077879053;1.0002394513306603;3.0960304132864382;0.6480020288889184;10.602654866547322;5
9.756224447239171;0.9316340263146738;0.5019560467744791;2.3160857600822315;0.16795598287350796;41.77193218440107;56.90627234372238;0.9969368604474744;3.3637501106795384;0.7754887067663105;9.45613143711784;5
9.73550676664111;0.6448491982593363;0.1034129815697495;1.7310748315745206;0.06767203243557832;9.015500078404571;166.91035934251994;0.9987889811656517;2.9907026313222222;0.43496971421643355;10.078567243351404;4
10.591533124448533;0.6201520054900023;0.5952876539633996;8.28110464958248;0.1372192969897938;11.300460493047586;74.6500589625904;0.996031845650715;3.032261974856412;0.9714597165063064;9.899358066400431;5
8.356546684441001;0.20580960785250701;0.0;2.1753251516852745;0.16506350861991065;7.705127860933918;93.46579051431951;0.9989515132688077;3.4327823074659998;0.7301276920154224;10.312365377245317;6
9.506598170053238;0.43231871604787614;0.35260631226580935;1.0725719758457495;0.16553928038420984;67.00428284922282;43.57565092942048;0.9987168673986342;3.2279742317207827;0.9021154836580436;9.703579010777883;6
7.780135843527387;0.388198924656517;0.3603318296800585;2.0715793469965664;0.0911950397079846;15.3243957782089;70.30855767644633;0.9986159903428917;3.161821288955164;0.7976723138385112;8.778426372064672;6
8.88404945332989;0.41824743231479916;0.11884415709123237;2.9067344156968615;0.028419334460486202;7.948047969311602;23.975082345281002;0.9968787326982639;3.5006268431613323;0.6372605902879555;13.33949472746737;7
8.093551085400229;0.4997341126547379;0.3506348481935924;5.286376387660067;0.09991481919504866;22.26356778683218;62.99646278268709;0.9954301194884173;3.3591439325992622;0.46157314908730235;8.961157455348859;5
8.48877297908733;0.44502369601451713;0.5131085472544302;1.6361580882606563;0.1355118831436434;21.03144961075009;57.55770040027749;0.9940503959680557;3.4408135293300677;0.5540685432418151;10.614161137428516;6
9.35557322426023;0.17372603413235824;0.0;0.9779538758782228;0.07543488716185066;11.837769676977885;45.61225774929394;0.99662392930571;3.2850636891518756;0.9562285066484996;8.523930223586275;5
6.896296011173758;0.6646238461011561;0.3655215134232548;3.391283853884472;0.19444121222419522;21.953942622067746;87.7978866349554;0.9996127238302734;3.7119443040850006;0.9080152563761225;8.4;4
11.960753859692701;0.3369062553668349;0.0;1.0857947054922101;0.12288646039303223;8.07160621265745;26.87771744093379;0.9961112946874083;3.219322920916031;0.54625358696839;10.524674346281927;6
6.569529756190519;0.573064435540007;0.08652368733059049;1.771456818032015;0.1056408748678738;9.855081461284547;33.64189404037536;0.9981917405123741;3.5716743324039832;0.33;10.606573318912085;5
6.207311813749346;0.9033348805549952;0.5795416093311796;1.943196176839825;0.13820772407970394;3.961597090607924;40.28897496321933;0.998303507660986;3.300795093985013;0.6055971083135268;11.76980392015855;5
10.335112919890118;0.36451077351444383;0.15946141365550975;2.142053302081376;0.09352365888338635;5.982515996876404;19.649449766707814;0.9961609961802385;3.061823440763088;0.5941921810713275;10.847515119886806;6
9.69749308749551;0.12;0.04696280676229522;3.174143680403834;0.02159447466863715;39.243021377814536;43.81528628011917;0.9992010551912871;3.3824273118622163;0.5999319622127144;10.259702530942004;7
9.405968481670751;0.4785192400615801;0.23239183149291046;1.5582102310769301;0.060730137663087776;35.51471309096428;12.6558736274209;0.9911735445854871;3.3572143842182744;0.73075612672882;9.403927738850445;6
9.413321186119846;0.7281727342997428;0.6629022042510749;1.9270401228600202;0.14638158379773358;13.784781567243847;73.94534378201976;0.9943767744703975;3.1523017278641157;0.7980711765913271;12.023942913009897;6
8.298690615246368;0.8825025417597069;0.0;2.2044073139279807;0.05175202643178351;35.97637142441834;39.05292000125367;0.9949602986369189;3.171667108429793;0.8214845980676676;11.413870833273739;6
6.758777393614653;0.308681072998565;0.07025111678852455;2.399808760735531;0.0700642293915474;12.036025468683706;27.186386121940004;0.995142541456552;3.306295353537251;0.7155750360837109;9.086427458809185;5
8.451899931257085;0.6194058601825739;0.554512019804129;2.336273334980774;0.04576036332323833;11.448400287285812;22.256876571689528;0.9973388996072532;3.3624621722871972;0.4049303093771636;10.46062118918538;5
7.141738621968926;0.44624411777959044;0.6229634452721692;2.7838356929510977;0.1984490907425616;13.70817708984808;32.63690210408954;0.9972510718258024;2.93940050756809;0.5861900186970463;10.574135887733352;6
10.016708336146888;0.5109292962252556;0.25034806738484605;3.4390784331572757;0.1881816998970104;12.292855899553295;58.81547370907529;0.9974485820871325;3.4679682178785707;1.1460700375767088;10.050150587431935;5
8.064120156186279;1.0059818024630662;0.03457998651993795;2.7219563627710297;0.04974464478215454;11.64406098235059;53.770435093227334;0.9978325548388518;3.2358253039277534;0.7027257333945531;11.24588001981327;5
6.88363487758103;0.25946534088887246;0.6682102653437403;2.8093159784638835;0.08492000443824006;26.332748137326043;24.16426127138297;0.9948948013186233;3.1102378773402735;0.7015872815500226;11.30995445803255;7
7.760788635523792;0.5756731390690233;0.5729440544323474;0.9780576896206685;0.055278366765226766;14.501133519734816;22.091781659639327;0.9943854654730662;3.4511599827177895;0.7001069790468046;10.216180303348537;6
9.038500730439587;0.614184770917778;0.3989999276748243;2.279342462593048;0.10822918524462807;20.327824836832992;57.64999687672547;0.997453007395815;3.3064573030872317;0.710095475586279;10.119469906996505;5
7.339119278121084;0.7254415384890825;0.11564355370189021;2.8473137547892184;0.10247900570493416;24.61932858553552;23.90641506085097;0.9955025590600718;3.492424866517338;0.3493660494050754;12.023885555054258;7
6.88933651171441;0.5476369676247612;0.26068442524077307;3.240259914112338;0.11985703129855373;16.730069447957465;39.38512400228565;0.9937160974138008;3.3756928394469634;0.6014922724657185;11.418137614827593;6
8.744015747995928;0.5854490971107384;0.2395315846014823;1.5511867048800019;0.09345328455871715;7.398468806256447;41.02306090217877;0.9985455541406288;3.3097728245577933;0.6330296702113817;10.497425617201971;5
8.746241833729178;0.4595032578640777;0.33286174787695977;1.5782001950498035;0.3605897269125077;5.87951349587663;46.2616520397043;0.9993506936223544;3.2870905082529767;0.8844066158286163;8.676746328184343;5
7.437918874854234;0.5784428494241194;0.5456902732449538;1.6492282020164626;0.046163518890138686;14.489336288708358;65.55613943221488;0.9996586056904275;3.3824069140834205;0.6469079235443121;10.788080113746389;6
7.500393348224119;0.4682253904104661;0.43708923781610665;2.932542152144301;0.03239886109594322;11.95546029243731;16.930600674896926;0.997055314670802;3.2479703111786007;0.42107546976127574;11.166949307461906;6
8.723766891002288;0.6418829401740892;0.06529854537289595;3.795055687764165;0.0641639454356271;13.964809362499965;11.194692150268285;0.9978892709823486;3.182114111688025;0.7127477511684869;8.4;5
5.800333245794656;0.46347013951214594;0.5315343255037122;1.7979994135676345;0.034886136064229245;13.123542486397573;26.3905250903224;0.9993027496243877;3.4014863683981966;0.5213342937056498;10.689500309700287;5
5.871013032584794;0.5978780709023936;0.32949510660249953;3.5552926474412763;0.03627977728565437;62.54152641406879;119.68938313901255;0.9954813099989555;3.288326823783336;0.46952723022015136;9.974139574128563;6
7.069907055020762;0.5247326935367039;0.4005425012131941;2.3675423294040665;0.04680502012751255;5.960009873618524;137.78814878708528;0.9988102875997028;3.315035147210351;0.5173415038363931;10.18368592026138;6
7.948601956021386;0.7326890451389902;0.5486427632629346;2.082229959484462;0.048765760286330444;4.010124619720097;121.9757084170583;0.9972232528448721;3.4734069754231913;0.7333471795599441;9.449102380543247;6
8.860979164140529;0.5207491297540725;0.05879975259242529;1.9903244308122503;0.04795242035982963;16.178560569583635;33.51494632844426;0.998436052139451;3.292918508839639;0.8793253317312587;10.261437459268103;6
10.88711981749222;0.2108541557227614;0.26319314004577204;3.2700710694389836;0.10293369272499564;10.569351206640677;12.155680375104334;0.9970535767396643;3.3122550888312685;0.7223574490783587;11.909430986514025;7
9.812327744371514;0.7571458701285185;0.16902363524174915;2.6289818627961457;0.060508484261914935;16.02085381622287;8.497834950720863;0.9991628877485212;3.22005257328236;0.7501760163640783;9.942353606267398;5
8.041706957863637;0.3669681858447286;0.0;7.223787045466041;0.07167993275948265;18.81679722278283;25.617365492270327;0.997124695148829;3.3746109900972776;0.7205500097676198;11.453163707908708;6
8.286911798249323;0.41232205904321245;0.3358748957449348;1.4278361838721896;0.12509853831203835;28.654955798131734;33.406202461800966;0.9938804397870119;3.362474186902013;0.6557651208267629;9.557225595798817;6
6.575598905530213;0.42278096707217144;0.7471957448010405;2.9048412776965433;0.05287165362335261;5.35890842476954;86.94020044819251;0.999458660601398;3.4451162697685835;0.7626190937270574;11.231869126141962;7
8.287787143373242;0.7773988567707472;0.0;1.6880570840681468;0.0685874779366869;9.484577207120784;65.95628542538635;0.994899691592153;3.2231306744489685;0.3462224010789818;10.421771765515487;5
7.817733968278961;0.14557864148383476;0.26386668390060064;1.4152652868439382;0.09510802375409053;17.142806526697406;43.828518644892505;0.9990808105994635;3.241327454561472;0.657389475662145;10.79666656680453;6
8.881530294988275;1.094794736058799;0.391703157664207;2.2082989521118717;0.028741305843229394;21.048229528965845;21.482722026997575;0.9965285385252635;3.4288206098718206;0.4904309310591916;10.427653984024312;5
6.880618158218958;0.7200902256318893;0.2933848583146744;2.3846262710087753;0.02283744658632375;49.47706461196375;20.531862905299906;0.9989344208718757;3.3478319505044296;0.8582191750843888;11.106538998712093;5
9.22366293477964;0.5701830045432488;0.24850567002200935;10.07743007605894;0.09414402803999104;23.52533650763555;44.5824038677978;0.9988560603682469;3.1740672810710957;0.6157399174675451;8.4;5
10.986965708624485;0.5201190798890685;0.023148890945293408;2.018621591465624;0.10154419963607682;12.80635102669917;59.14639370883192;0.9975172716511992;3.5059831101601753;0.6441715422289984;8.9007869146004;5
8.130757341685069;0.5813997334743782;0.3142294811586311;1.2362726248302236;0.229500862163846;7.761883048441976;48.67932629647778;0.9976662171034916;3.0552324147399625;0.4364439673373724;10.866276132869249;5
9.018978396452159;0.623802037108281;0.126214844366974;2.5583229478199936;0.08539686636584017;9.44153959115157;19.587010353505878;0.9975029943726659;3.427642712989563;0.827027189057597;8.4;5
9.520850545577336;0.6461388054710103;0.0;0.9;0.12035749936266305;9.281779478970275;57.421194682401406;0.992873732963066;3.1202181946002705;0.7492838555436643;9.852279019457486;6
7.621876378918645;0.6300088038806207;0.4969725218976089;2.1174129252046683;0.07108911988260537;19.640730395883587;49.7481061567141;0.9969248274159066;3.592868277472829;0.7360367010414807;10.361855300090784;6
8.709920918350125;0.5461245226259448;0.4520933057699881;2.239293540848955;0.09178687745198202;15.462404668905366;19.14128469758531;0.9945794780654634;3.0783100409641566;0.5201203280972624;9.5338900527542;6
8.341910777360324;0.49447908434468135;0.27981558560170516;3.3524240210418346;0.18679743436048143;5.983599522528803;22.979325593573837;0.9970252555731168;3.4828375977809123;0.5253379809735229;9.680029299117662;6
8.489956411474967;0.5027708089423679;0.3135241907590835;3.6783632813897933;0.02614667331926831;10.198426051613106;58.82434286918876;0.9945284091618719;3.2977548459983135;0.6764054334671055;10.710592954164344;5
6.974962976091488;0.49491650953651745;0.47412042241595675;1.71063143109535;0.09749817201468773;22.446498682393997;32.63839130158141;0.9944485913116705;3.2550096145241882;0.5359818329197457;11.499945602684395;6
8.36264770321056;0.7340786174360716;0.3126245347878357;2.0540098429490055;0.23815471570344024;16.36705496517998;104.51775736483643;0.9997493755533324;3.3378094984701643;0.7136160694835963;9.394459162057355;4
9.186517026767083;0.6368402100105551;0.44176333540464974;1.4929983196438599;0.09106646322516043;18.645358586120206;52.19450303052012;0.998731950037436;3.404785050873672;0.3696057229644409;9.804687730079515;6
10.844989877563373;0.12;0.2134783818339685;1.2376292878643957;0.1851880553556789;16.677256098424312;27.787391527147072;0.9966921290886062;3.17433992465037;0.564845831332581;9.637550758540062;5
9.98913123738826;0.648062139775357;0.5192769103290499;2.6076993955649512;0.05676833007070244;35.19622489721372;37.66156649465191;0.9970510604354732;3.1876318412247144;1.0077842171933151;8.4;5
12.066537476070108;0.5650525150493795;0.33094928792720996;1.1477177486748655;0.07737730428560038;15.269015931529264;39.47253313499129;0.9962289595510884;3.407440729766933;0.7144472480194332;10.571631615639735;6
6.984815240574794;0.5266324238397385;0.30686986928511606;1.791333247402002;0.08005405009495924;10.508581314222859;23.81439462510003;0.9977827651143611;3.0538985569525603;0.666736684957486;11.420147988036486;6
9.83783790789398;0.46006667844400057;0.028688393144713924;1.32587385537671;0.02490772360267305;7.644736391469;21.17315255377612;0.9954154967035573;3.222365636021187;1.0570929859182039;11.507808231827994;6
8.639015089984733;0.7323402895974824;0.3245216123173247;2.952779523777307;0.04292473133997771;15.393942702453456;59.310404280866294;0.9985881064994492;3.766103043123916;0.35356685373811697;9.488279977208409;4
12.13025710379875;0.7005547631821144;0.11192856567605429;5.6491646969128215;0.0445418312875721;3.058982055671289;65.01461012238354;0.9962191350020733;3.164798055311608;0.5198187658622996;9.080683088083447;5
6.913560983482037;0.3908820197917504;0.14872628195958612;1.1311809579592644;0.12050280426475633;11.862239814345607;55.72843086173102;0.9959022907079207;3.482170418763963;0.5773471324018608;10.443117935923102;5
6.85888399460545;0.6032694116824163;0.11507863061993696;0.9;0.12367414957656721;11.709682537700692;99.70728359270217;0.9967412547351212;3.2221073846929285;0.7944664995557029;11.30732284462612;5
7.277056796927401;0.35510178778256857;0.06741536293914722;2.081581352342646;0.09307203275091334;5.838673854186158;26.826504731538904;0.9955768210231414;3.3863567717195715;0.7979586778262341;10.585689979692111;6
4.624421439700936;0.28166873033799256;0.6737065665732227;2.2389134955202765;0.12063016835048315;7.587506065699186;110.35288791112761;0.9973244964640433;3.408153353589433;0.5131824314506104;10.729555960384925;6
7.4051862622754765;0.4171908995738063;0.5229544217777966;2.487261890899777;0.07225343399319041;21.54960811617461;21.331396301066615;0.9956790110803045;3.479343510277442;0.8230799129066216;11.64175909267777;7
6.999109168896566;0.6852308250288967;0.6348698254074097;1.7621486196929934;0.14674368519684775;15.22020021892513;19.86285164378115;0.9975901948453558;3.2799619259780837;0.5770338400417309;9.629123881623148;6
8.581685188468601;0.7015625081676956;0.037649946284442876;2.0014393263319494;0.07903357479549072;14.08609032745584;12.328785395082202;0.9990104124239318;3.608332695813228;0.8688860137740161;10.184632007259857;5
8.914655397852258;0.6223553756175128;0.2835382124830696;2.6867429244292604;0.08107101095424166;15.92759086000149;28.521097654286145;0.9953332887950646;3.221599515312223;0.49196000392618794;12.169027897584485;6
11.584537260235642;0.6605172416326395;0.024233551211221813;3.807960571252527;0.0685502532085338;14.008797985481316;27.48594269829857;0.9964519066311393;3.345133062039934;0.61947222297322;10.209412098285538;6
9.973737478443727;0.6229120916806925;0.13781797333255785;0.9;0.11220187893523628;27.95385197551576;53.02745532259065;0.9975765283547673;3.3467915398326413;0.5644704806924161;9.06394944641577;4
7.316187639147419;0.4145333128598686;0.09555587315085079;1.8342565818811927;0.06323532819089939;14.270379468225114;44.29208952651092;0.9958718710255353;3.141704782007588;0.8352847632445872;9.703788977012184;6
6.756758471853858;0.6077460580413093;0.5055209612238967;2.4810169054359914;0.13054701288193007;5.519012595770556;17.703997244843382;0.9975822090655707;3.267119161753132;0.5598237931337076;9.41614755919327;6
9.17593935842132;0.6740737145409829;0.19471636116066565;1.3799981945055106;0.0437343639159972;35.27451366043806;29.503623683615412;0.9977552578352383;3.3342270248857613;0.6322991682190078;10.802163966700359;6
6.022794219784083;0.6657724393664435;0.4729920734018631;5.447151419750387;0.04449470247036105;16.55170383438045;29.90674519969401;0.9987581973749592;3.2451818435305873;0.726742968996797;9.461336706160006;6
11.506738252586576;0.7440044068654358;0.3847829690218184;1.5976468447314751;0.11237521015959567;9.301027912497656;12.203351097882148;0.9955486189124387;3.67613859481848;0.7338592837115651;10.710006650561532;6
10.37222581005504;0.6574946924961915;0.70769136289991;2.173749224198789;0.07514292123521168;6.241468644152398;20.26929453225178;0.9949087270435621;3.1842064489600705;0.8002465381972463;9.632410216161505;5
7.503634365337814;0.593260677357485;0.0;2.962496413795024;0.06217216347641547;16.80791011554267;23.17827440278584;0.9961156029598289;3.4869136702210644;0.6742702105018058;8.4;5
5.339145919381873;0.722627042896957;0.5092543155594919;1.634604969232634;0.12482794878128609;12.350208365225152;94.64203352943119;0.9948612705548605;3.438468971972318;0.5748538562463212;10.748083172070656;6
10.67573793104782;0.5252261733351692;0.48782376537613825;0.9;0.057418306621701345;34.10811553542788;42.83426731008837;0.9977725465876903;3.3079206798243592;0.5849286779732668;10.578856139255171;6
8.120700669260446;0.37126256277901076;0.08505802077486344;1.7783569482766493;0.07091499041092278;10.764857652138128;57.84422198362448;0.9944926725296649;3.180218641922163;0.6433107655232327;10.97400086280846;6
10.473800382833824;0.5006479464901226;0.46135533392990036;3.7863316343685876;0.16255455089813745;8.013210915744367;14.566363442748248;1.00113273119468;3.1947617019412347;0.6808762658248859;9.699903675493175;5
5.5456958736978015;0.3959175239348392;0.3338675429749835;1.8649744073748933;0.17478893867366974;22.693882558867003;81.23193258634684;0.9991622629369902;3.2323049051175237;0.6157373670482214;9.585887411365468;5
7.277087460060436;0.40846791050461134;0.22677951060885254;1.432127617866078;0.17782983016064757;23.09937303466624;86.9666524282704;0.9967238939622406;3.0421388077080604;0.6422568929879159;10.849569538575254;6
8.329124037509638;0.5039866392712068;0.11345225747532005;3.588076053349839;0.0679649621893104;14.663302950069776;10.588805281741168;0.9983480495366962;3.1594801861301063;0.4350985112858653;12.045350942608149;6
8.401746233150652;0.387364414220007;0.13336920422465465;1.8708995347718957;0.14894981086469425;19.891508273351192;24.16767317032257;0.9935900764578095;3.0876285226954536;0.7569239581070346;10.431949770171771;6
7.536886079626116;0.4745669246649728;0.659464298199326;1.7047976914368763;0.04809352382329709;12.954124144289452;52.01613896377154;1.0014944093296592;3.5118812504766574;0.6691607100813322;10.874306052770445;6
9.403758882284649;0.1891493599483186;0.2701297356019217;2.399632314371526;0.04915391103034586;15.249054720082297;57.19154496798117;0.9955785922368191;3.4027693588582326;0.8238972544184382;10.075901177664493;6
6.462340452874286;0.568392867327129;0.41860470029097724;3.3112392082940687;0.02324915146623196;26.676490748062644;24.58493561638362;0.9964710549135912;3.427896114829819;0.6391645494534502;8.768315341595157;6
8.07225969606295;0.5302169855652004;0.11972911748316492;7.631309664749095;0.1873418607692994;19.29097497965223;31.192627145271317;0.993173726754342;3.3983247927312923;0.4113825159394988;11.455149478494842;5
8.529314399178704;0.3829240464077257;0.12182794021788865;3.4096111611909428;0.050260431519995916;11.969700247757459;25.891147764328352;0.9976239458790077;3.3350451435001247;0.5836333017029195;11.392003235822193;6
9.215123571262223;0.6486642203178329;0.47557711375748907;4.051072290612241;0.07367691639303611;29.854164509884324;40.67537498957807;0.9945979461015535;3.529102049819371;0.6075587680145571;11.180528206937458;5
9.558209887874668;0.6987626247727805;0.0135805198052089;1.7085079581051918;0.04906676387715728;3.2015639359879247;81.38574235125668;0.9968931459469755;3.2183856016402395;0.771556946758626;10.225318380973611;6
6.363122760202108;0.2406392244135847;0.19110938409799844;1.3049483506856951;0.11282713556396297;45.44914196981939;23.174894166665876;0.9956658785774434;3.3260004483050567;0.3781947749304001;11.058850026720238;6
5.650641342920018;0.3927095398580815;0.2764652081037241;2.293686020826461;0.06474750436194399;4.755940539822328;71.79990813688077;0.9946522865236324;3.4220588241736185;0.6458441504460604;11.376325123204978;6
10.543157670103406;0.3915543770382864;0.29116079434960995;2.3476134608731622;0.03998807707437042;9.092023601065085;23.018205986308317;0.9951717131466511;3.1118186152215808;0.7280083392162552;12.153569792903676;7
8.89822638084449;0.3608174418004044;0.2359722758469303;1.2698243384421322;0.09892674562346117;12.929013696595261;22.06941009386359;0.9971289972647626;3.7744883344213824;0.5404849550681367;11.477722931972762;6
7.017633426391597;0.6793054715477147;0.3452057584082255;2.02790325580194;0.03740190051695046;12.13470068586302;63.91700972267164;0.9942651671515492;3.314284864416638;0.6513425924580438;10.488288710785994;6
11.01900443740919;0.4951112950208954;0.40164259360538423;2.7314014212319657;0.05095793992773939;24.252855052179324;68.27467217925906;0.9952772578250553;3.331298417586339;0.5452249821425139;9.020169016695922;5
8.521273863669574;0.4823873285640901;0.4095811336372727;2.6768507597637816;0.026379644548849817;7.01940480350021;65.26973528790374;0.9979602194244025;3.4985317047512385;0.5312382543456904;10.586554378508763;5
10.371977100271058;0.1693047744067844;0.08269727635311294;2.8841183360717446;0.03759193930789792;15.497451371055373;16.369230615645108;1.0016447117622613;3.4472432999515337;0.5762877068997077;10.694537813558759;5
8.437482157653589;0.6443752454376608;0.21601053139352855;2.5822399706326347;0.0863067230005454;9.362917069526816;28.15656699041416;0.9976074187571508;3.3157117029094687;0.5337865259104464;11.178661859590585;5
11.905701389294657;0.30693348892637495;0.4970049437566182;1.7075851163269566;0.028400961897870024;15.820741772994145;64.09650125538111;0.9949572028798632;3.3295194157147066;0.7600503412377215;11.868664289476065;7
11.374293065851177;0.5407878734479391;0.4399829656390358;1.7014965057670417;0.03649333812205533;12.745088316489024;38.92612633739875;0.9960024830768627;3.084377720357803;0.5305145127714774;10.318188952099247;6
7.886802381646413;0.5799278488324746;0.00915670421859787;1.1929832605007926;0.07857755353864175;14.011390328433546;19.104349128946303;0.9967600191116899;3.2265301333225036;0.5084049311666547;12.66805629310003;7
10.010533454660578;0.7749185472509572;0.33678118106691834;5.6006106534520566;0.059345548567899316;9.523354678152705;50.787726683895855;0.9960360925937922;3.387581532423844;1.0004485167880348;8.537562888556582;6
9.442954152278157;0.2944123281585599;0.0;2.2363071086597577;0.22106778259506707;9.754112030716968;24.02173397517074;0.9984158105168002;3.376583925856433;0.8153531311090241;10.868695803533939;6
10.701418910106288;0.12;0.27891763139147024;1.9764789926854998;0.20365985142774193;15.74614836539645;119.15559955778077;0.997113199617727;3.493174862500613;0.39874404431975663;9.56558318036309;5
6.641033178590619;0.5630929180556651;0.6305757331817357;1.3722839108552518;0.05015776366062774;23.356546712075055;101.60377852108576;0.9984249195313288;3.291924841266501;0.526520532550616;8.4;5
9.513729540397284;0.8540920126719537;0.08990038371889263;10.169165379714048;0.1050325069604457;9.250742736860404;55.73966938633788;0.9961025567984345;3.1019070229853702;0.6796470492617221;10.204101417359901;5
10.161658607118284;0.7530103435290988;0.11147862135659942;1.2732411397496384;0.11603877522709306;7.863561441952769;90.35589406418444;0.9992184504174704;3.468509564616352;0.6937954263027658;8.860825212689576;4
5.2597932936237815;0.5677386947494326;0.41516565849884335;1.7781787027091887;0.05771036719859296;19.154064871524447;39.508017796213935;0.9963836773898651;3.5254134019273025;0.43805963597013764;10.247272149104885;5
6.261130187961552;0.4415054865862315;0.0;2.754887145602648;0.036221883338444116;12.994516014445903;61.78498137538342;0.9948547392486379;3.4447366859284343;0.857276308737109;10.457203095461068;5
4.771736010697425;0.6752820673947159;0.1497765443218426;3.031130732209222;0.07817392900958971;21.821052013438443;97.34326856100199;1.0008369087239803;3.2854549493713763;0.7878240762025912;11.616839307989466;6
7.85123210806647;0.3547616840531957;0.383323816140533;3.6485721951491183;0.07192828672373909;7.690596591873197;44.33755962013966;0.993232542280774;3.466657907781487;0.7221692081148555;8.806883905802586;7
9.568523525084974;0.6157443984841194;0.14948568893901343;5.667283288084988;0.06275942437105547;4.550604322837376;32.21046409225935;0.9952963964219207;3.824336571701232;0.9014321675725304;11.392036327240977;6
10.934101270647089;0.6209846286499928;0.2251657024299154;2.886914658246994;0.09896032209017223;9.620635621852895;12.771973112879337;0.9955086470815223;3.3272728471660713;0.7167695542495452;10.52494608179938;6
8.448924917930409;0.7208377833497984;0.4113952849598566;1.2847069163317122;0.053300968152567706;8.36246663547728;35.94884901113293;1.0014657819188075;3.1132394961632315;0.7160960525081599;11.520868594362266;6
11.153791049294048;1.026738807003994;0.35009375587194663;1.9438764702808589;0.04328646187471799;12.638243386722353;64.1142815039264;1.0001330318798785;3.2220572425671774;0.9485323319620524;9.958026242716693;5
5.91862346270609;0.6006348740921781;0.3206954952961264;2.6049134808141847;0.08325346538078901;9.038921749124526;69.31507872545647;0.9995384634729202;3.4038214000456075;0.844906465231861;8.994498292163113;5
5.356114555522031;0.43838654737265026;0.2055667669386926;6.486894023507493;0.0961101717533417;20.679229961989943;52.30240131636161;0.996071748541485;3.0692793533652907;0.5163788732522934;9.117275720949022;5
8.223347003919883;0.525396623805441;0.3403116119011016;1.0761546374688913;0.042736644727859;11.144852107525564;26.83462365311727;1.0013097382072993;3.3354104612368105;0.7503988762088423;9.037766024576186;5
8.988273881154395;0.21156633711995876;0.24649079078104624;4.141803353789355;0.12731468328156903;14.504085112329497;10.735260556867395;0.9973998688072979;3.3670504975473823;0.5401042703610704;10.9312611436251;6
8.263111138316278;0.4049516364039696;0.3569830658858992;2.4378135977642352;0.03140817199092318;14.566595269467388;27.63557996149878;0.998556800403576;3.540268260971898;0.7262537601374018;12.000306563769728;7
4.722650745930615;0.45632916113964134;0.17558291522758415;3.428384576013673;0.058292914377624926;14.896806603677863;31.215620455807;0.9970414212241018;3.5065292284081453;0.7212019489213312;9.815501866478915;5
8.164931131247748;0.4356640883717734;0.2353118948678872;2.106425682479069;0.06882042212370487;13.06004535763099;31.045075667917295;0.9966060135144859;3.439687718762766;0.45010493238408267;11.093174769135828;6
6.0502230691215555;0.55742387696607;0.08190801941511738;1.4351009376415889;0.056562267283215506;18.006523884156973;56.25640319580172;0.9962216205195399;2.9855981484228207;0.6197024339647231;8.789916997794887;4
9.485230234964266;0.3819644121712039;0.2633485540988152;3.277301409562858;0.05868888640862508;8.216574240840727;134.6157336230853;0.9963016840125036;3.448157969207189;0.683584845658865;10.61294373661971;6
8.957880948208516;0.7317855201184049;0.11590983591051952;3.117514650699242;0.2076249363448371;30.70997050547897;41.01715902592107;0.9978561341324884;3.415827007909037;0.572231296806103;11.135361999480725;5
6.684609171790402;0.5300372716852756;0.05833117446922133;3.675380375386827;0.05060296311949393;11.495758159010682;33.010768726352055;0.9973976796176732;3.348391656561752;0.6922067278408032;8.870506490453751;5
7.4258715638341535;0.5283259421950472;0.3191456180925238;2.2055109317576083;0.2790625065485497;6.027246282612425;32.12763099491966;0.996640204396613;3.050466681078177;0.783974476103776;10.201844688191555;6
6.476968471913224;0.47097895102767484;0.3104205574129555;1.6273882865863627;0.09869429890400108;14.83535923050994;41.03956161340818;0.9995680955861278;3.193483913621941;0.6342019414250185;11.186031340319555;6
8.210938370744682;0.5579343230946163;0.4187460096402288;0.9900102089638144;0.08252146142459162;7.947067470026981;22.343405446471525;0.9910631691693926;3.1349765845698903;0.6765768943219664;8.4;5
9.981947637672155;0.6785176876401743;0.1880861417807312;3.3957446344919435;0.10071685263965591;19.760251739573903;40.930064037182454;0.9976687857710503;3.0077487340739366;0.9075519471453294;11.848934776020865;6
6.604836679376154;0.373916561172038;0.34753004089898365;2.766408858851341;0.29220116935023693;49.95951954142369;50.54502902188128;0.9980637035426521;3.309562727287781;0.7205776431717814;10.79843693220342;5
9.19704093700105;0.4115390319664538;0.374651538731996;1.346225591361019;0.04699283954896571;8.261522899791302;43.33568074761253;0.9988792294496849;3.190326681783583;0.6725122134049631;11.186898583057557;5
7.397351744031953;0.4753293148202004;0.354507023488003;1.6798768866560834;0.044001268442413484;16.178516838548877;50.762580226487316;0.9965767442619986;3.703795837040337;0.5013455241625294;9.978390371261602;6
6.9404012718635215;0.28774323377482136;0.11312580026759302;1.7435809629848598;0.05318673826176968;4.616492426691475;49.997539238830534;0.9970950481280295;3.284684209084314;0.7576284882170913;8.57668694472507;5
8.13376717367907;0.3825335852501304;0.2983790616315259;1.0296791547006061;0.07999670925432596;17.403667285101328;12.235212032289372;0.998573301928298;3.5040629733798943;0.6949208321459829;10.991447363259137;5
6.5186783589902895;0.44428024276196143;0.3391866562503857;1.4536284989235548;0.032144990497658246;7.783928256209043;56.91778453225545;0.9995332161681324;3.0746351462960164;0.8849097666675819;10.331628351804332;6
7.356650208695903;0.6873900525282909;0.271363908712509;1.2339350913610057;0.07959098059422685;9.10436397034839;24.702577503945875;0.9961289816281603;3.2304865620992698;0.6467776954862007;10.454363537312583;5
6.235692466895404;0.5772610392203466;0.0;1.7933285003092052;0.18936190985337165;6.83858602235787;18.836229125214608;0.9972072539879424;3.3245346814051473;0.40334309759366993;11.583739474162881;5
11.738621731274518;0.564846184046158;0.30049302855496124;1.5143699460290323;0.08510118779454455;20.569404701050974;18.732976889658765;0.9998892905322627;3.1737769077088496;0.41539286265906955;11.23540834503298;5
8.381358580430808;0.683161633190235;0.6903808974854762;0.9556186924214289;0.06759375597981471;24.265871564146302;49.99096650688558;0.9926643485558302;3.2466698972792885;0.7701458597522862;12.475724036285886;7
7.1024776160929015;0.5052730780881086;0.2015925389361733;6.3352641743602;0.057094653694230085;13.438131276555895;32.887896633199695;0.9953889760603524;3.277307364063469;0.553136820727512;10.584624024894644;6
8.692325044677547;0.6002836729872002;0.131665351407489;4.250458922122589;0.12537646959399748;7.884090484046208;12.957963806502072;0.9994850883593457;3.2749138021832658;0.7139552362273771;9.680402691563504;6
8.124549193537957;0.5114200844721507;0.3409362263451657;1.4830507089878353;0.05126472064185623;34.424579730673166;51.43094689545566;0.9987758218838558;3.588267785955302;0.6579135730976065;10.218393973807663;6
7.935512896812193;0.5777652228919331;0.32935185998864863;2.557541663902226;0.20498440700688414;8.442926761623918;15.12556903620938;0.9976926459007608;3.3667339428147267;0.6126756338916132;10.864759808616308;6
9.38865005807556;0.42510344162991526;0.49661968142911883;2.7572129712047495;0.21444151436852343;3.616337289697275;41.44587033768269;0.9958476659410928;3.3819265844411954;0.6237180562143491;11.506966475322486;7
9.63806341548231;0.12;0.031005050377311293;4.1172104637294895;0.0898800992098467;17.45060040959664;44.139932753649376;0.9950245448519277;3.390948216151761;0.5132627151964354;8.85027367196057;5
7.396928003157682;0.5058297508064653;0.4089622479892486;1.4529335622426536;0.07820569630631817;6.824273366689373;66.7086172800823;0.9955766903234395;3.401893956600567;0.6365878239220158;10.42913524824171;5
7.318076261278257;0.7860946644979893;0.38218019163777806;3.9113264622463877;0.1342707894314175;23.9949099443497;118.18315613862758;0.9996412156195555;3.2975669524187703;0.5511357150710428;12.142209573031055;6
7.84141004695614;0.6967187724034866;0.24299215798129628;1.6717718822876266;0.1388124336544874;10.539460395538333;15.86647772669308;0.9955059588906049;3.261888044278173;0.5815940187351195;10.162976508027302;5
4.6;0.7037715472264108;0.33435059040512105;1.1112642026295225;0.05179497902522516;19.042258289552457;36.659194029374454;0.9968927036320554;3.335022408927742;0.5888033353391945;11.416182684709941;6
5.683567551774519;0.7525035299251193;0.4655969215036879;3.23220116393903;0.05987271441808546;30.748405670668436;31.77864454387192;0.9952679554747628;3.483520592337021;0.6034515307902754;10.947635754121125;5
10.698361225353473;0.5459583663730588;0.4357399222054056;4.335489788681289;0.03962614996563684;6.410706198444232;49.99760550095477;0.9983012706571882;3.4789357282654576;0.8074221126469915;11.442770848981729;6
11.182243821492234;0.5655168273330073;0.052826330705991575;8.492023699220399;0.09726829830008953;9.432202655826108;43.50146136283088;0.9956764200673418;3.2739402286467385;0.6184557826367949;9.553556220488073;6
7.886677291171902;0.418822658821817;0.4258300554835421;1.1925048709538373;0.11116951363014496;12.661929030658484;30.269972455859627;0.9965145716087066;3.425176554200217;0.8284687713792721;9.558220213029829;6
9.323209115717034;0.47310688591513106;0.25770916504382163;3.190232730444479;0.0390634023542109;33.366583045694895;28.610303197500574;0.9935015739472186;3.2808123005440497;0.9437783991066313;10.441690924570848;7
8.861575268905753;0.6408388069588055;0.2838460786229478;1.7958190904015323;0.06213001763900912;8.922746024592227;18.590070381526072;0.9936346003512107;3.3150805824152867;0.7937808532368258;8.780522687652867;6
13.677252606712115;0.7466991986903869;0.2839074282903219;3.332948309091759;0.039117568757773336;9.271745137186821;71.2085387206189;0.9967145790673109;3.2389714927668702;0.7318551272103004;10.131377550925526;6
10.268060345896163;0.5048996703774201;0.24145383212833074;1.0363688919516771;0.049360919585136526;17.658857587645844;50.816460621714384;0.9941822014051243;3.282753229164065;0.6943367307077362;10.690578023541764;6
8.097423390823467;0.4489659323267459;0.49642442445034235;1.1541695133422418;0.10469962239834056;9.368448875275467;68.0932921025144;1.0006996646147357;3.5111995104324523;0.7958787643150116;12.329560099436257;6
6.657359633355259;0.5300950325941876;0.25409358762864975;1.4854697497060994;0.0537799005121939;14.521967039782279;31.095299625762433;0.9927831060869867;3.3238631721008853;0.6537792637494991;10.85090846251871;7
5.524783402751824;0.6382172148072407;0.05728623560719796;2.313544130969038;0.06730897626737876;5.218162240283051;24.927134677899325;0.9951796669325382;3.3302923762828476;0.8202925074125433;11.088994463834219;6
8.674026726408968;0.2701061330959625;0.19522932736575155;1.5929576320185246;0.03382911559790925;50.101486598274825;19.048075687478416;0.9967317316478084;3.0929173331113065;0.7467770562532134;11.665989156343507;7
7.003949703205312;0.12;0.3039519961939904;3.12499377289651;0.08668629104277385;5.897752113946526;47.66592614656209;0.996006247418188;3.2636134138550905;0.5834270944845972;9.38781637988229;6
5.845278545300047;0.430903367091515;0.5035508090164396;3.781338790796329;0.0768882200702116;10.922173085261386;19.52217422801808;0.9946021236323386;3.2738027644382908;0.8020533483417103;10.243361551263046;6
7.194963181418004;0.3102717633354515;0.3845879901402784;3.030132652668876;0.05390620141706864;12.994694414849459;123.34453582905918;0.994879937104959;3.185628477183489;0.6541305221563184;13.015191473230166;7
6.438106473710953;0.43853476442348405;0.10839829703806167;5.138940738594175;0.07132763725215707;41.79908965947921;16.45464571270086;0.9948177572527515;3.3132498117555347;0.6221753950957677;10.335339222048576;5
11.255626445026262;0.5033995426128551;0.7421860841689895;2.754872572178086;0.0863857965233565;5.979301948257808;45.141633920960714;0.9961552287798419;3.245622656465852;0.5664723810158644;11.614580901196963;7
9.854053177092045;0.44841528637585765;0.32030730908581617;1.1819390330764081;0.05155707919951835;43.620583476849816;103.041282915888;1.0004086652700832;3.3219993782865376;0.6666057656052524;11.451199528575225;5
8.306127604109086;0.7914441562047342;0.5123242402198128;4.501773378063923;0.03658587918134233;20.88092304612922;55.56181399899186;0.9968480808634607;3.32822545147284;0.8227687867335002;8.838418325605172;5
10.895102801668646;0.5888140576284177;0.2411742576203265;1.6228953599499671;0.20069014639078137;17.023107609275115;42.40513399170024;0.9989475109298364;3.1666368463266035;0.8006497295899547;10.752212826396349;6
8.454620855306857;0.5840853847299491;0.3713382564940354;3.5598214263192545;0.056648903124432416;7.334920317059587;20.431159678246186;0.9976632550570735;3.250194732627522;0.6990268083464273;10.577019795259591;5
6.821365489688821;0.6419972859278124;0.4294990158584969;5.02033414896466;0.07482341033707725;18.673339333896745;15.694334609905237;0.9988163385561662;3.321606142414125;0.7440447979276118;10.773055902989265;5
10.970235894449203;0.3250100387994616;0.5014569952333087;2.813836909114472;0.13289761864340796;8.580568546660123;61.967131916959744;0.9913800678250723;3.487644914673509;0.8822129504580756;9.613099646623565;6
9.257703476011306;0.7170401217356484;0.4708999780218628;1.0226723770957724;0.4906015808291825;28.3563018529197;99.12541179155326;0.9961215297598184;3.348507875919361;0.615301392345059;9.22489612225399;5
6.5151916914719665;0.5163624284236172;0.4357174300138658;1.3798293659560672;0.04125908211530211;7.394955939825296;28.64779939006585;0.9991835573039863;3.210709723012386;0.4817462239522181;9.91066929997769;5
7.988810700134522;0.6506865111034182;0.2101335210731194;4.407962003333897;0.09934654243000134;12.380016285704734;18.32373712840324;0.9956137019367763;3.369850713886578;0.8888187126017365;10.315359353119902;6
6.7964242391105225;0.33706569805277203;0.1613682520283483;2.034400437641183;0.054508032983107024;9.492811504365495;7.89582812750997;1.0000486990132522;3.566132333398264;0.5588318801260824;11.687933358932337;6
5.913928468122055;0.25032342211710845;0.3331954269615976;2.3142750688887364;0.059493984331029794;7.3222023710295465;20.271647509754043;0.9995193912921588;3.447505970888353;0.5365472846373684;12.3645225771064;6
9.931548932705056;0.6772201384445051;0.4472943337448032;3.2908357212997648;0.05415131238601036;20.68299208671988;35.255336174596536;0.9958086516393578;3.392128979565343;0.40539990204347676;11.914359695458801;6
11.642384954418027;0.597753714697553;0.2276830668524447;3.1859419081073344;0.04388191631385751;18.277388731595956;105.18531399000318;0.9957439893138119;3.4188385263223484;0.7387157751271118;11.340398175536572;6
5.886492421554695;0.3676307202156482;0.4723826734857335;2.566010459115289;0.07700722507701754;27.39120972996113;58.25042918911278;0.9947741488995265;3.525993106214295;0.42375829640266394;9.345355919339438;5
9.299566471841594;0.37346064537055507;0.5459971816423741;1.993127957916488;0.03661928769052753;4.549412284767687;46.056125766361134;0.9955037709594589;3.471344019102649;0.5284603425997877;9.98248109276124;6
7.187881929728021;0.7325782611946585;0.09589902537605027;1.8885392346190886;0.12855659682341364;25.109009402238822;29.364737935455327;0.9943580807780791;3.3950140571676486;0.7418968179716356;10.644620876081907;5
7.472401832249429;0.31590585928388104;0.11098506627870683;3.4642295662848603;0.08095079940603295;59.674597551970166;26.127109280147245;0.9975147412428227;3.4702963329385126;0.7674647651599943;9.743290229258493;6
7.289234571824368;0.8256811315860735;0.2433287388079861;2.958733099018408;0.09794512657558022;10.102467081509273;92.96716286407455;0.9939335116626418;3.147752335560391;0.5418268550350146;11.037610048204908;6
6.81665606075712;0.3678882677633837;0.3284464069559473;1.943518972970863;0.06177690072371835;41.361055074210995;43.08892343821753;0.9978470927307614;3.084660212148958;0.6177723479894351;11.190920135832087;6
8.404427632624;0.644910546609509;0.17033226738426033;3.8911182643101214;0.06503120104185421;11.313389288126588;9.907189367473816;0.9978933495241105;3.3335647975965745;0.5123262929894342;10.993830366945051;5
6.874146797444794;0.4708486743651828;0.5269185089847574;2.077111914867232;0.09132801030049799;5.810899238194883;24.66280519789313;0.9935437116301505;3.320302106447581;0.5562010330804795;11.516894026876612;6
8.79059487685692;0.6385737375948217;0.35057270368850574;1.428252485453303;0.04301671179097451;11.028439187886512;21.920771144459096;0.9996446553520238;3.2284134919730114;0.6837508850367996;9.452087401327011;5
8.232585689558501;0.43205947961944535;0.27749493916574053;1.4985413384868769;0.06534269704462528;24.86936113424998;26.74972899443366;0.9976758576593889;3.4338779004741564;0.5628305684623683;11.418126713378651;6
7.904230398452447;0.5006972769069871;0.0;1.337214588537866;0.050374378584551016;8.00938216086749;54.29360471296452;0.9981244262407453;3.0305704620323146;0.6007776035039177;9.67565936837139;5
6.74083922804762;0.5373654515712298;0.019994994878773705;1.9283581660127156;0.04957208907140004;9.239307575132203;35.39538378901109;0.9952585361170687;3.2297841615913296;0.4409319601287527;9.413198530672112;6
7.316417884811101;0.3496062579593349;0.3233917575535432;4.209208759998708;0.026339326622014325;18.92625103052225;36.09294508453524;0.9978825203250989;3.237256668268358;0.8517300066495017;10.989364263579429;6
9.634380732936815;0.6633483821756226;0.0;1.4631426167637038;0.1575820472945296;13.27507680164856;87.65599892418545;0.9988401475544719;3.0645547322350812;0.7273428018825467;11.720984711552909;6
9.191595906466423;0.4376215580351147;0.46240110783237365;2.44865478341984;0.055105338213417586;18.825161769039948;24.30464880649574;0.9965126440418911;3.5342096510903955;0.781397147376511;10.94217443042233;7
6.619053874050522;0.4888520152387967;0.23995076956925915;1.5801235056291683;0.14383845799248182;15.285408647080072;124.57363742546036;1.000503652672572;3.1061198097005014;0.8864105551304368;10.442260305436623;5
8.492838211446854;0.3510171125704678;0.8861876642229992;1.9404903425807702;0.13695271436819312;17.674612546132277;24.697962700303208;0.9967837228063346;3.2217489914038473;0.5185158609158306;10.751864593928612;6
9.627413594666914;0.12;0.708504087617061;1.01534062723022;0.0403802468473333;10.220503500983309;40.12823627960221;0.9988674930208598;3.4461969636707703;0.5836409502577229;10.56597680233199;6
5.415234810848814;0.4956150027319696;0.23552467684297185;1.9809039521203522;0.04473778670934183;15.229520288031338;31.680062180587097;0.9972567167337915;3.40690680151431;0.39539074014546544;9.215232541135128;5
9.265446734741086;0.9642707758903248;0.24979596951905017;2.0086449211996245;0.29687171265071094;7.591576072522673;41.014277823784084;0.9978124909124281;3.143773795527288;1.4166682315387913;9.09039644490894;5
7.167034659434227;0.6712287718216443;0.4591604876603857;2.938436190303837;0.19508183436981694;28.729558435672633;50.344770092072565;0.9935244686914939;3.4123733813890955;0.6153608078108874;10.335656308963403;5
9.312841683352097;0.526533131647809;0.5936027958844272;2.4932267853097017;0.07739853580761986;9.052887957743417;50.00033550329264;0.9974050021026092;3.3534676717987333;0.831629791837786;10.505446814273155;6
6.991929067616021;0.48267965074251185;0.0;1.1933291116486955;0.0899091131601233;26.103613526083183;23.44153102515591;0.9953035473076113;3.65995533431672;0.46699038231571144;10.432125644853475;6
5.179505144843737;0.5340438607061684;0.0;3.8953272475959677;0.056720234010788156;11.516009767315838;18.51353963506912;0.9950918432190224;3.3705910624102455;0.8227533159987769;11.143428726605407;6
5.488076158083297;0.6284814407315378;0.15181338694466756;2.4765130475696324;0.09845023086704915;14.959965705230797;187.29652171692214;1.0000137960504853;3.28881372683972;1.0234439383114502;10.189439913704156;6
8.403667807190805;0.317453693244408;0.38072014080303423;2.461273805246757;0.054236480724702246;9.842976400499001;27.834370631350797;0.9962938365286815;3.1815247064320866;0.6294478862424085;11.022387724638197;5
8.771917152995378;0.730577905040397;0.3644059821964435;2.2102280740195446;0.02741937460635729;7.198046284100579;59.228039914554486;0.9947937265211466;3.198363494956664;0.49468085054006816;10.265292158960701;6
6.7464890723183295;0.658768636779424;0.47325657644693153;1.698098731301039;0.03964242310226056;4.646383279028721;13.587453306285543;0.9960176499065931;3.1861346356797764;0.6170457875540365;12.37099408937902;7
9.43115087827263;0.6592734306274283;0.04205746961059146;2.4861574125248564;0.0795395429808652;7.03000555360283;31.712243488912826;0.9942291445650484;3.5156648220867885;0.36348839841773756;10.506363687597299;4
5.42895509165201;0.608925632985751;0.0;2.84153612044678;0.0437589111124503;10.90803742495785;34.95193966119238;0.9994243804895729;3.3126954872524705;0.6330306538437668;12.924573194332474;6
8.20502115035367;0.5335309983849182;0.43302269710740765;0.9;0.07597632318569868;15.04900744049868;51.25980325697088;0.9953782065860837;3.3947870685962096;0.7869744647511091;10.796652402467224;6
6.212831812413326;0.6511150224740275;0.11264270813660544;1.6797139394700162;0.04505797164963415;24.31073012195079;6.670310469718265;0.997705669874493;3.537137139997133;0.6333723360229637;10.19136542747061;5
7.185805172424243;0.636526544073448;0.0;1.9458906152077988;0.052433871455490874;10.138231385143115;42.14792089502497;0.9992766027569997;2.9562303786688804;0.5947290554927813;9.457590665402149;5
8.402473688090561;0.46627267203061573;0.29756211173228253;2.536091154153929;0.12246219903067602;7.801494564621186;18.199267058834643;0.995749709905692;3.501831064705056;0.730576293567291;8.876109225758269;6
6.822880744405923;0.42675168087855786;0.42070338076154873;4.121961420497061;0.08944899780096581;5.57062791251385;46.62574350111679;0.9977108426213184;3.3183095367675;0.7448714582968489;9.359156755696112;6
7.6508733530401045;0.5483341331471576;0.24680914489695735;1.4886559169399975;0.07828079684863357;17.679266116925184;19.565380886208867;0.9947428364956816;3.3752572557460665;0.4196484428084143;9.478821249194532;5
10.070949488033127;0.8088236272691337;0.18300880662532706;1.7156104768546117;0.1241117892177248;30.41217594387507;21.959043806168886;1.001346962181316;3.1857395167377622;0.6536901599120687;10.84245742184103;5
7.316208147029721;0.3069607263822979;0.23972117589227776;1.7027020069113206;0.10094529082601465;28.35066515877013;31.833607456401232;0.9984791222557716;3.196731340232722;1.1850295064180325;9.857003052965599;6
9.774104274993347;0.26584545216456085;0.19958927514385127;1.4658505086749531;0.16659467363472347;20.29672625942905;19.36660615481928;0.9963340477663545;3.3833268834719483;0.4556662742394766;10.620011946233312;6
6.3543100728957445;0.559656951422573;0.01387104873136826;1.8550533874305453;0.06198002706177967;19.444820462042347;27.984880559643468;0.995231615911311;3.6676896700497204;0.6254502582960998;11.791716847743054;6
9.241859269572592;0.5391597863340832;0.13421067137181797;3.311328467781225;0.06295925581492935;36.7338893445889;17.699451219457675;0.9964834065496048;3.4604969969222354;1.045507633365581;10.326045063750707;6
10.828329399944748;0.5612014995866735;0.36904318195262475;1.2861694773138104;0.04006504536735051;16.17569058047701;11.7659848628928;0.9960540309275322;3.499828438212781;0.8455396152176078;12.64469766735948;8
4.6;0.5739115756235301;0.33111892286153505;2.7720420723418746;0.06298062325166262;19.5336252875236;72.58946864192862;1.0004105946525992;3.2811998094607873;0.56115692751285;9.161882251037058;5
6.93340225548137;0.4898235941657351;0.30193136313369584;0.9192341500831418;0.12975982923707938;10.928530753481652;16.57684997709314;0.9943714840277917;3.219969366312156;0.6734180906638247;10.258875603238828;6
9.32410550129414;0.7981754189483748;0.08092178844785793;1.660173505039632;0.15439948032027634;5.847193007500029;33.82222574612346;0.9969561227042514;3.1928792572631512;0.6387965688146188;9.842935171736253;4
7.966701028285193;0.24183728387422723;0.23551439919422326;1.8721465382050242;0.12945970547067548;8.787303642843556;61.29223220370606;0.996665157673396;3.2367589412954967;0.5287533478580372;11.422062068480999;6
8.965793819666077;0.38087053553955574;0.0;5.290476037204071;0.03102429863090851;13.178004589975798;25.60255839913291;0.9964769204293448;3.002082635024421;0.6272229226780712;8.4;5
7.2690657751144725;0.5114141431731715;0.3039105661382241;1.925968704599286;0.13797599677716935;13.743418628471993;22.388052344480872;0.9964936283556172;3.20126209856626;0.5953584665160204;8.875866640579742;5
8.470666230202847;0.23422601399224996;0.5414829644845778;0.9;0.03031919434694748;42.14187090528939;43.795888175689896;0.9964794654607712;3.2259470265910237;0.657666213731532;10.30513889997747;7
8.049121610417782;0.4983462072022272;0.0;0.9;0.12535082741098746;13.913618645506054;77.37205287485321;0.9983588255260311;3.283696273840774;0.5287116210816796;12.079974161480157;6
10.351940787288065;0.8290646298310432;0.1586737420696265;2.2602869639890546;0.06501162180663246;26.899373359166287;17.973333656985293;0.9978570704483356;3.3297625164620936;0.46246075622267385;10.661650762419919;5
8.76269226734411;0.5337595678932732;0.3325302879549246;3.0525050159044715;0.11325911704982963;10.20347611910203;34.44376949120484;0.9974959320616084;3.3643676302938417;0.6324863364074629;8.97384422393727;6
8.907428632010852;0.5715261630293631;0.508040100541222;2.697829744880147;0.03941910081612615;10.988479697228566;12.546787808943419;0.990935420211924;3.307761194133556;0.987146896263655;9.139031745821454;6
7.603334078946907;0.3031703422689356;0.1848373229029716;2.4222666479529487;0.14442089133772057;5.964373856957485;29.494685495634346;0.99726961026091;3.2227835370485867;0.6525942844563548;12.2100989820441;7
7.471565170113862;0.4190549465528941;0.1384724374394797;4.056155752115337;0.03680069319581038;8.484011639684796;38.74427625183768;0.9935542852156769;3.015496203510172;0.5876189155598917;9.755385765288022;6
7.56734875319386;0.46246465154169136;0.0;1.6789911886877669;0.05562460509917748;18.184560774466828;21.971072211055542;0.9979280083099581;3.223703708739731;0.7737468032447775;9.411029191478752;6
9.006346727738237;0.4728112825838779;0.28965324456854025;3.5313239558977454;0.046883251794907585;13.311006384440173;28.318021214265674;0.9995015449983841;3.164132404346949;0.6140000827620462;12.00078863987502;7
7.587487003372742;0.7606958831006784;0.6579944476273114;0.9531405653206082;0.03167311436228268;23.34565054021609;15.431554461807485;0.9949401456860818;3.3799100122417904;1.0261561136502528;11.50187379597808;7
8.824208250999758;0.6303843909305225;0.32269810777328845;1.3893479541080052;0.08262734716103706;14.774718408857336;39.81904993068481;0.9962026166275489;3.4463931095040543;0.6385050750904565;11.783243818295471;6
11.931197389643064;0.32993756775133426;0.2657669939550945;0.9;0.20074372527589127;10.72261316109811;74.35894405606754;0.9955612241603994;3.450785660058991;0.7633087467536247;9.403455188115576;5
9.835756983971145;0.574370860117761;0.33119563904572724;1.9259257865825026;0.3137149674297548;48.15326829069245;18.82055125490089;0.999047320373938;3.4235429104191732;0.5278786230346114;8.788136964114633;5
7.752719054027957;0.6196799147294213;0.26789251924976565;2.1681587794172907;0.08274005379751416;12.524024160973251;25.476601462306125;0.9968805529820169;3.2899711396821267;0.7260576979200544;10.562488143618095;5
10.410112224565264;0.735226826933828;0.11552726927057534;2.3560624942022605;0.14039683625423802;26.64462584040387;52.24172487158181;0.9999838258230761;3.2317066651786157;0.6852911858732417;10.77858496238882;5
7.609948850942501;0.8144973235823073;0.42642318397876405;2.2931535124586144;0.08873805437757647;10.413163515139438;82.1639919828418;0.9974861329856001;3.1979345869499403;0.6300503549109085;10.81012392996417;5
4.7736633087905345;0.34728304547098365;0.3128946893912333;1.373165234306468;0.10190659701676227;20.292663823199867;14.617076471498294;0.9971606553432081;3.0838751625097376;0.5628147228180423;12.001656811133733;5
6.565929819003717;0.38404564798213914;0.2733465178673949;2.01225491275169;0.0658817786261775;23.13733315844655;34.036515608960705;0.9968295928869454;3.458778055076179;0.5437079101409483;8.564869213691175;5
5.064822057415012;0.3036359853953691;0.08468045481713253;1.0219899963694552;0.08705062669697765;15.018421807782829;45.41530798451216;0.998254184988589;3.283793344310504;0.6865531758370926;11.339873704888609;7
7.708366537768123;0.4878764253607434;0.5176665070676042;4.501429154851893;0.10396704210743342;3.2215720654703266;35.51731693117563;0.9933983962233339;3.123048955956869;0.7495898551868224;9.24661120276237;6
8.35204797978982;0.6139445074003402;0.3962935216132909;1.8974106829051858;0.058282446470550385;13.396766616569606;7.802541030139242;0.996862153515489;3.1860262936434647;0.618867858606341;11.3356367933211;6
11.237000923358993;0.7077202129860384;0.16494504090021264;1.7236993869968298;0.07557479823278512;27.74638726288107;52.19319503777588;0.9965669117569169;3.1799539815351174;0.6874090006335442;9.911796326162126;6
8.888853630349644;0.516328815744346;0.46034672219956807;5.060056169184467;0.07632574988306884;18.190016620982206;99.96330869329785;0.9980782957715998;3.316453672752269;0.6330261651574547;9.549050178397152;5
7.938765079872576;0.4724274458141281;0.17546154070681066;1.1665117941865395;0.12077417756448874;17.31955182157996;40.837780381672076;0.9963433669488394;3.4701201776606028;0.6552997233575691;9.767404103564353;5
9.763165711259271;0.5573164386047733;0.121419336422903;1.239218163062023;0.04526007133266622;4.709611645718295;19.630709780149076;0.994726404575091;3.2578015675606626;0.6074794611850721;8.873197085169078;4
4.6;0.3796742777065959;0.12565640767874547;1.2582237604424482;0.07659890072682989;8.596206716345849;27.321458749842908;0.9967139662823474;2.9721199727824525;0.6420565674163468;10.46325896562181;5
8.729969331108904;0.9061169699050592;0.0;2.144010434416229;0.2120796277107093;16.964542701795864;117.2985985903661;0.9946426029951502;3.281622949726162;1.2664095050118944;9.59323947199331;6
9.661305437363323;0.24062101511874948;0.3595930522794591;2.7775317440675606;0.14388950120945398;16.954617452240775;67.75492083061982;0.9930420017960838;3.2865709149854205;0.691667346706245;11.261339107063298;6
5.747259932343076;0.5632533042012304;0.0;3.258337031828548;0.15838933713165862;27.484430488570606;57.03255939301853;0.9980815327148225;3.2762619653596716;0.7527040348292158;11.104860006705222;6
10.310132035180057;0.8942491194613351;0.03659567205950512;8.422271251847283;0.07967740849548041;12.146469421692096;47.58978319957468;0.9978002169881199;3.215880825028645;0.7141825221412568;12.226328046605985;6
8.908983749040281;0.5312239720207996;0.0;0.9;0.09292545824807291;16.90825241481492;24.85879518409578;0.9975874727935878;3.3426158621088766;0.5979518248892974;10.811970407388952;5
7.597399029812606;0.495792973699731;0.25364675836973033;3.0445492803788357;0.1323059272660152;13.38166196622088;33.35299698981219;0.999175564001697;3.31992116727235;0.8872115844193508;10.977125210775679;6
9.421040447024936;0.46565982389412314;0.24143911254834433;1.6637976986708793;0.1767134286992222;7.324754625388517;36.068598009283626;0.9954364394084225;3.3062754528810028;0.593671206539643;11.91810679865576;6
12.271005572579648;0.49752949728276663;0.20792771949459085;1.6387356902904264;0.028592106446154623;3.418312189505114;53.833454572558644;0.9939808831287347;3.371896204216445;0.8350782038615399;9.748400915251434;6
8.636447283801783;0.7771127254417755;0.07191023801259053;1.6106480696604775;0.0397683378231067;17.16597325084444;99.30090854734604;0.9965669434240647;3.245525076527822;0.587229851625842;8.827563712279355;5
8.751903820162585;0.1318648559606888;0.047275586847038406;1.3865986595477429;0.1551586175170308;14.710019100086155;77.39202020467327;0.9960397494305588;3.2370121495449022;0.5011050276609315;10.63410064326738;6
7.520712034799976;0.8060180662333386;0.3582302740738491;5.317044114544085;0.06814979434820743;9.140854023941555;15.322059128080648;0.995099638138137;3.51701849343781;0.7011564976093136;8.897782187940587;5
6.841270797131263;0.2736877125589739;0.16539513297538735;3.4363307137777372;0.055530466612326114;5.010426607199172;43.73323602788976;0.9965482866083732;3.3939033114573154;0.48306077781867796;13.045714380030168;8
9.764784320786987;0.4820025807378054;0.3301080810918675;2.2476312677239045;0.041052578020649995;19.342270400152874;60.664597859192796;0.9955379502222114;3.43404190914142;0.7320724951560372;11.977383172524469;7
6.830414142918571;0.4527360043462409;0.10180274963639775;4.473025453660165;0.0589954018597354;11.294658203188819;56.26731785863751;0.9932115899616221;3.4939156878001105;0.4722276206429327;12.73545467663269;7
8.444525252761743;0.6359395885587296;0.30440192112650566;1.0140323277548304;0.03801521708906386;18.514012086827247;25.370130930555288;0.9958617642874918;3.38889162709372;0.5894963330510767;10.486818265029548;6
7.488876042628697;0.2423376166609255;0.5176228270900521;1.1142385112035629;0.23272205711175395;40.59561249786225;243.46077285121007;0.9945408871832627;3.449258301870426;0.4446327285142374;11.00911374526071;5
9.153424896798722;0.6131910798947497;0.38137150207462883;0.9;0.07776398550467517;3.6613634822331784;16.778699031602436;0.9971401313360608;3.0730982256894612;1.3075466246474046;9.92836128781067;7
8.90057206319929;0.8943757321916335;0.19164137453886876;1.5455181328385688;0.07634473667842927;8.704557951814325;18.988923995012158;0.9954535339593428;3.340623080799404;0.42028133714278826;11.364729541977825;5
10.125319503008745;0.28462867917329415;0.31886780436762624;2.4149065386659965;0.10673148548731463;11.684841173998652;44.00200555447263;0.998812099800868;3.282592230727851;0.640730254828437;9.119368763105369;5
7.432571465992741;0.5641471101698713;0.22427361683925953;2.342373578814739;0.12959675035247104;31.74919635766205;146.36597060886444;0.999747345527809;3.5616526136349713;0.853966799668517;8.4;5
7.850417612589534;0.4108432079966104;0.27149723509199836;2.399490315589388;0.12849530986800686;4.958841639240495;22.231021863823035;0.9979908246087227;3.4491468297704952;0.831136300397496;9.573939637147234;5
6.616951134538786;0.6066596971147464;0.20813390009178426;1.0687889645831186;0.1372961899630306;42.384934104325986;31.99245507129587;0.9937530502542318;3.2154332213810233;0.7930564122276911;8.862643381089471;6
7.546929727467567;0.5334465999348355;0.23877631088177564;3.3673202928799646;0.05672025907911823;14.377290672494649;75.391071112665;0.9995598723978703;3.365919123779381;0.5897622860883507;12.001381607690703;6
8.976502857898042;0.4145323563720243;0.31029773708409336;2.5144396052004936;0.06741235743889444;12.508259032177627;37.47798364915562;0.9996938688557102;3.335152200017386;0.9001446299774458;12.362774876935939;6
9.637160192962913;0.6178170112767933;0.08126184707942939;3.247174700362194;0.11723343573921097;11.76452976216228;30.618584330526957;0.9967357019714851;3.3781497149728343;0.8056268744104276;8.918865892517971;5
6.715432335930932;0.8547826597616137;0.07698302287190413;0.9;0.059846824428882776;10.19621153214988;54.38801376724516;0.9992135597046375;3.157173629593802;0.6744710138035861;11.802135700047726;5
9.83311430098385;0.49563731748908624;0.006176914772069914;2.6098574366385643;0.07846606079335382;24.86805850441246;45.108741552761984;0.9956518172377113;3.364002469785734;0.6793229022374992;11.437981932345824;6
10.678809874320615;0.6595564295866727;0.0;1.1999198003680676;0.09675001593027512;6.974503768680337;73.17001970761311;0.9931541327237858;3.2757772976067647;0.5917545264830877;8.740338947350802;5
9.03937673160924;0.2972108675831906;0.038716288478108936;1.8074705512923517;0.11821972585071491;16.305746794325742;86.43362590759747;0.995255459566619;3.3523674646083403;0.5075369268171928;10.002413741903169;6
11.585624713851034;0.3578414521727585;0.30029787629278454;2.9294295476032577;0.03129110835997638;10.520208607460368;46.11252649571401;0.999985671645485;3.2013422252316746;0.8745223155301384;9.799224817326763;6
6.973606793559783;0.6150331300184679;0.10037037205654205;2.328134179015964;0.11397875827455317;8.383685409726212;45.66531398549864;0.9938669481451382;3.2222405242905103;0.891317809669205;11.220355076531105;6
6.154300816238135;0.7971408851364737;0.3675867482039083;1.4283429417152065;0.06969269418221279;62.63180329568785;43.45823412339992;0.9966990904356698;3.4860763030550053;0.5108333071885944;9.105206094531635;5
5.225026766906556;0.5940104027814188;0.2765956122629868;2.2280038695765962;0.11354875065788411;17.04311273239923;51.79634188721705;0.9967648733973464;3.152267866248976;0.6147061329537099;10.314206290544353;5
10.92311710199118;0.47364955450583224;0.0;1.0040924448447097;0.11771476099683294;19.151825971443206;39.266181850769215;0.9957253489364611;3.163336839843693;0.6163226213060387;9.686050080773908;5
9.45859624205606;0.5298724529762038;0.3944453610021211;4.031023429023813;0.18113590891227535;26.24398933109346;37.89294920218343;0.9958573089603096;3.3022628114176635;0.633870449714465;10.926475066222103;5
8.223282672615808;0.3049266078854509;0.4240517426624249;1.9966270845355478;0.1587408739472066;5.64257326343051;81.35710663566708;0.9968372733550488;3.194216443722107;0.6496389986900282;10.188032526093915;6
8.807145409796487;0.638812758743966;0.08116609178137787;3.965300496813666;0.15817529181977263;37.96008618666688;99.75808177701172;0.995631891550324;3.1772457051605802;0.812490143710593;9.847287096783777;5
6.361649057700825;0.6888199512182137;0.34983639315004844;1.6903940732571752;0.16634489941968905;2.936114401354944;14.483699245125573;0.993998088855381;3.325761395681244;0.528867873648937;10.191772664073676;5
12.575608444533279;0.4486237400900456;0.10726533489225222;1.6929855591580343;0.09150889646736947;8.350351439212332;38.15088501593969;0.9971085606915926;3.084240121464444;0.5157458804758341;12.59856583113892;7
8.544844856636896;0.4453924134032898;0.28855737158218375;1.494495628480288;0.07999844935365175;10.057721304629794;24.425419403061067;0.9987393965066454;3.1588056647629545;0.8744045765771209;9.973917389352254;6
8.510346942612514;0.5778580813373687;0.029745302678556546;3.49719759627367;0.12371674619177883;18.792404609962436;31.083884175844588;0.9983521877854415;3.6181143374385467;0.568421772288211;9.306124416436347;4
9.582833925583724;0.45139044751269286;0.0;1.5375154353422706;0.11500814161521762;15.110952649467873;49.01085075310298;0.9951615026119593;3.3789212588453514;0.46405555771938123;11.044273918996883;6
9.156956063221882;0.5180961293673519;0.19726473397353597;3.101663138423787;0.06702192775163436;11.98739706898643;58.113214616516586;0.9943226669607824;3.1980154971595134;0.5651916144500769;10.266428603717436;6
8.709558202245688;0.9079499220499728;0.24649150020778116;1.8214551467439921;0.09705455907519885;13.155558114097552;35.28978723522945;0.9961600430239059;3.37273226173993;0.5878484715999189;8.905699693972874;5
6.944574447525158;0.48553537386572065;0.19444085821322524;0.9;0.07725504219909847;7.364102135807643;11.179120721134181;0.9996788038686117;3.3950995715479944;0.9478794831937569;12.80770107866664;7
9.140354941416632;0.46549877263618;0.045034193937713726;1.6524680550797068;0.05052301056374482;5.391171384301213;20.47603884809551;0.9979266363500232;3.4591621630135356;0.8079651592722065;10.042847528222287;5
11.59472262386656;0.4134424749856713;0.19401917819508396;1.2053156969993852;0.1536384872059599;20.499847133443478;67.17525848249053;0.9980375328859091;3.2909265955814906;0.854879865540413;10.015679684261354;6
10.661030880309662;0.6639545548699887;0.3211660029903395;2.260138352915255;0.08095904165904122;20.099869993962493;6.594238977489703;0.9983907282083925;3.4564746554159336;0.7867763276980009;10.591023826541663;6
11.092144730352551;0.4973796488207415;0.261470324276718;1.1982775582098815;0.2276619080494142;34.32076123847804;80.88081988238213;0.9974994564687854;3.004233021267674;0.8123629346084807;12.271224943053458;6
7.430484723009738;0.41311285310214335;0.30467519581385055;3.58863936721786;0.03386105343960411;8.244445954872637;52.868388173123016;0.9969291562404659;3.151553780428637;0.536854161277841;8.622672500624674;4
6.59808761275007;0.7678347258091421;0.14267811191369575;2.1183798892531986;0.05894151148205217;20.08911731886447;87.80733779647215;0.9979583831036312;3.3345807102604685;0.6077632601834112;10.715304858879977;6
8.101130759026612;0.7855285408124547;0.49262640379607037;2.025485788376785;0.0800172779089211;11.174636717782233;33.395638841020734;0.9956622844019858;3.3594450299211687;0.49731652689581546;12.65338121311918;6
8.41696134738233;0.4219237581670331;0.0465270660545917;3.1198763473295075;0.1419122293313247;27.087958200201005;10.171114243344908;0.994012520278404;3.1732326568497036;0.6059351397162305;10.557739688391424;6
10.22389324213945;0.19402280875508912;0.3626364564464766;3.6598881889348354;0.09678542888288758;24.480459691519545;49.889645772778366;0.9980736941757863;3.348912998689474;0.7601440985047556;9.098192642145277;6
5.375111544296215;0.711352464170646;0.4945593076623927;2.1977583594424632;0.09241959609217049;15.04295456362312;85.51098644346615;0.9990517024009236;3.216423962696911;0.6613157791733666;9.758315367332102;5
10.981417555861468;0.4067666313631993;0.36137253762229016;1.4890730081057484;0.043845316306972124;10.806169495931927;68.39615043473432;0.9945753593152236;3.268456135865925;0.89115355244484;10.641364306839765;7
8.045066256472559;0.6723126078492984;0.23152039685768233;0.9;0.04317561366167374;23.59932772103549;24.8341472548825;0.9982616508165902;3.4637160700997516;0.47858260195238567;11.843960189734652;6
7.577226938291489;0.1753813128118696;0.169623561134034;1.5562607241804893;0.09299812128818534;19.542718334202657;40.065869908460755;0.9998934548554376;3.44634062453329;0.7255332651547926;10.056910646474815;6
6.558938387047308;0.6906675208938757;0.46685665369878865;1.6127864094079993;0.03877716310756356;8.784182283131392;26.97995030367094;0.9966957322166615;3.1604409508955107;0.46579156769696156;11.304517423252701;6
5.440549390953561;0.3119890527294594;0.0;2.3474766285153965;0.05970766162003443;5.968706423507852;22.472503499028488;0.9951457958489908;3.1514122806969844;0.6545777208359584;8.884155355059828;6
9.752316816093732;0.6615375414319744;0.08567639052786773;1.8570154009682143;0.10201416401581723;11.142291033008698;69.7479661717186;0.9969337354797009;3.2483239906670027;0.771054565906453;8.87522134453329;4
8.447573262907824;0.5325691522105581;0.19446402455657294;3.1721183999632596;0.04726829062058628;32.925860066686475;17.652561554241377;0.9956539854604187;3.3059880548240614;0.6053189225512151;9.903403263107103;5
6.075468034450567;0.35829090450860396;0.5051542139272797;1.616325209954911;0.18089565446206238;26.38165093646099;21.42833791697827;0.9955282127910828;3.211315226713789;0.7349515487838064;11.95869073240439;7
6.066562936609309;0.4567334636731795;0.3421558508477703;2.1560788832634437;0.14842799879466473;6.793385431161963;18.7380729501224;0.9975230497278159;3.4660963664199502;0.5011355332773505;10.493695864279733;6
7.735734623235177;0.6535373222522062;0.08607130588305341;4.102091095397307;0.03482409947371665;6.570936312494996;14.644550012744793;0.9936529139974433;3.3621084762562834;0.41924612488776214;10.730097979256282;6
11.224097454003545;0.5490610015607422;0.2110415359768683;2.6512133879904605;0.048508907507588545;28.49327036301693;41.62062748062699;0.9939565350472648;3.3709127664811644;0.736051949732873;10.717545167263674;6
7.868311048627328;0.6351943364850472;0.1532786026217041;2.152733147426631;0.024042274152025568;6.698941878931854;79.55366214298765;0.9967366526727105;3.1200191756582543;0.9944020044601263;11.606852541367802;7
5.704531261574496;0.8857593052127875;0.13514009147562836;1.6255991173191107;0.05242741480659087;17.992411460381646;33.68874857190615;0.9966576137760664;3.485093607607567;0.4965445170602575;9.767063858984496;4
7.892407068490457;0.2484365098920108;0.455989016125788;1.5994517246103441;0.11707283467458873;9.152411968034665;14.500394864859171;0.9973527536963759;2.8869746766638964;0.8712134453001368;11.156465066082408;7
7.845460988639054;0.8210982634943523;0.009368805439933991;1.4290291509707582;0.06347532414645347;34.99836686426624;64.79388101025586;1.0002629282381186;3.4351083177774053;0.6462115565322062;9.53095554967501;5
4.6;0.5487840687541784;0.575668362589531;1.6777597536136475;0.09991338784254936;8.34203793105192;111.16089204348329;0.9968985766685441;3.4501467606506155;0.45558829405543333;12.542101741835214;7
8.225526932259006;0.36821887130183695;0.42736364113507835;3.2854528953176407;0.035722029655025966;26.332169630820978;25.096228258942368;0.9978365270856362;3.245139821908306;0.4797862258768016;9.563581518402541;5
7.918173917436901;0.29054354736698185;0.47726371741470264;1.9795183872845417;0.11900654624560801;14.80674190007388;27.93099814287284;0.9948464874223323;3.500936532587114;0.641700645369092;9.475843445705875;7
9.531399074775349;0.495958329660134;0.18204149271520095;1.1032811564198874;0.058992570850064305;15.417866141275312;52.68080633218281;0.9981590815606814;3.300535367056848;0.576866040097798;11.008146700432214;6
11.5371836052049;0.6958970201464028;0.24151126337496923;5.552615843007414;0.07917229395689093;4.057704290558749;106.72369482729403;0.9956998573562897;3.3193647554991164;0.45822611899788207;10.505373621632586;5
10.280223151413098;0.5070411583320439;0.0;2.6213454359959645;0.07497434934290836;3.5286211748395053;27.204762333539843;0.9968356995819041;3.3609293181106326;0.4160336352657622;10.7697320746992;6
7.852133678434595;0.8020078874445226;0.17031414265730743;1.0710699746189232;0.04068403371938033;11.606567392298619;16.196185374850824;0.9964931876123686;3.7879862367716584;0.5156972124222191;10.663225761176781;5
6.394644918789495;0.26878837579071946;0.36379442105219867;1.7662372298612887;0.04326207023379233;15.368967086266268;56.720099466478295;0.9986626510463367;3.5116650862124508;0.6713175311234252;9.253280347276041;6
12.797646057654758;0.5278239893877102;0.5162519817384653;2.352139760640925;0.1299635396722723;6.741072535893889;63.12542103746108;0.9942110445466875;3.4151696801069376;0.6381025310025032;12.146294054115048;6
8.42304007518521;0.3045691800056386;0.059640204807534195;5.372632845727086;0.09676147706773683;6.890507993459104;38.056295518877114;0.9923618465942314;3.173079327009821;0.5628888754532612;11.376090160301347;6
8.344236967928527;0.5954537388724942;0.2005538719727995;1.2504925411037675;0.135627838893018;18.56521209271352;26.54786455903911;0.9962944778755329;3.331538473821924;0.6726934083840453;11.874076447855813;6
8.278022348428594;0.6896397302175141;0.24125314815582077;3.682976834923974;0.09310205221488417;18.580627346380812;71.50533207665164;0.9975902093881198;3.188031385923042;0.831903598280651;9.854685948651847;5
8.664667483736068;0.4542628771374104;0.004800051583427837;4.58681830444926;0.08473050638738733;12.198566863728077;53.09852887911512;0.9969893118140343;3.433316627092422;0.7062807499738627;10.865680192845232;5
8.06881288325234;0.12;0.38235635593409606;1.6032505034633522;0.03214099796275457;21.171702266954835;23.213479400213192;0.9990411880510864;3.3310700463602285;0.619786773584461;10.631184254591119;6
7.321828108028389;0.5658106664233691;0.1324418369689043;1.9232641734069742;0.06838073056328783;6.545549323703596;39.11421495476968;0.9975310080809414;3.1413217480579156;0.8086301038717836;11.626962810035613;6
7.368465442241718;0.6086129393120316;0.23287583327636546;1.2979057221236865;0.0775646692967456;10.700216501039082;15.99834578710982;0.9956286881694663;3.3221686875127756;0.501120550102695;11.661465501057693;6
8.263009309824163;0.6027730558931056;0.18412961933674327;1.9985143277488264;0.21664908094562427;35.65254507669656;58.72660763993234;0.9922817017071346;3.182587379542554;0.6037228751521821;10.626564359165183;5
7.374440898227249;0.7524407945279877;0.12002568391326189;2.1790538566181477;0.11234781353145123;13.80577374433733;32.06593709657365;0.9962491067550291;3.332682433200632;0.6073804763692301;8.795792288927721;4
7.079648338141734;0.33721033766317127;0.26866145275869463;3.125958664267217;0.17450984510223702;14.295114691794298;28.705250781968065;0.9986531221042898;3.1811384025452116;0.46713336831493424;12.324238219183828;6
8.5051885961839;0.6524388989810809;0.22903418007207577;3.9074295051294428;0.10725649234857737;52.93573806698694;37.12062319002962;0.9959551092129325;3.314123145004122;0.5746171113804622;11.014906554048448;5
7.8763396416877125;0.7446513522460355;0.19934700236705355;1.5070111916103976;0.05440209627625705;5.717655360779266;38.895478769431904;0.9967538085009878;3.4225704792902643;0.37774585823475615;9.768972365711477;6
10.936947800133877;0.209854234878827;0.13159229188073487;0.9;0.08360140157600919;21.379081766832353;67.10800044236615;0.9975005844831828;3.302042201211234;1.0377018382868588;10.855000087945363;6
4.6;0.587537328665416;0.33070968744876156;2.196453348805971;0.08892828865791073;35.99917211031779;55.27888505561938;0.9947709444889253;3.251366759924142;0.5039783129284732;8.8031299031558;5
10.219221922345083;0.43924763041861914;0.5841872810135341;2.585685533866573;0.048338522091300004;10.9018211243609;34.30640360136646;0.9978841482036138;3.3404914331586193;0.9553929351473425;11.549227782194016;7
10.488188234945875;0.5153259188417038;0.29657857423943423;2.527230524218693;0.06445421385073194;22.206237866786697;61.71525274000404;0.9998105314010033;3.414577393118928;0.6453377281432988;8.845803433621306;5
4.71230099560982;0.5925817670369006;0.4592624608331145;1.874880960764012;0.07071058035336339;7.346446431777014;48.95523831518965;0.9963716546314025;3.143922509517736;0.7375149510956712;10.183707093520322;6
7.723723586300194;0.44229885845956063;0.00585783422084211;2.369104021004949;0.18092041249990073;8.772097879174018;28.872652924411003;0.9945547775985186;3.3490984232057803;0.564666158886897;10.681566261077938;6
7.673692893167323;0.4083725457509099;0.29997467346581624;4.870935488433213;0.026739836040040644;16.697750327913106;35.00733107553131;0.9965734580486583;3.5076311228526103;0.6737244102515003;11.53155849182084;7
5.870929651190991;0.5361474351478445;0.06150001939549737;2.706622646338264;0.14703979445412094;21.40653166142581;34.486110029067675;0.9924736701936432;3.3960485444915074;0.753695311626391;10.53400280378478;6
6.966598963591878;0.3342957310046956;0.0;1.8300509227350081;0.04839773288060776;25.97987393355994;52.33232736006741;0.9973401162015556;3.318663122000084;0.7563864386903661;11.099410274765429;6
6.3875980288894585;0.33455147680066666;0.12951943258278314;1.7136234618954378;0.03861714147099993;34.01567906574828;29.99159882820999;0.9975593213175323;3.405960626004834;0.7778144283156594;10.38986140795898;6
11.368950571557104;0.6522871909321706;0.4964608735385788;2.033631218528897;0.14507962348766057;12.724632659215937;29.5472846432569;0.9998837089583066;3.3778744684154023;0.582172696866076;10.385561032489619;4
9.948080404076583;0.3232170736714419;0.4505030074472327;5.186978667719869;0.11499723355712127;27.13904133511115;133.16998932030737;0.9963314098941234;3.4230401663739722;0.5658753598049294;10.511460657872679;6
10.532505865289837;0.6499362501636582;0.316170897190336;2.0195059519654013;0.1508010308907384;10.788175263833082;69.05465989805026;0.9974761221424783;3.0064102583525583;0.42669796854473396;10.217708024687958;4
9.575709391435229;0.6132664327137113;0.0;2.1981051260197764;0.11917496181140312;22.779851523727697;23.329843307440104;0.9950635526054669;3.0769815799505102;0.7297714354716085;8.615369839902863;5
6.355449918082022;0.21935478881769263;0.23270667623629201;1.7295810921936252;0.22898068537536914;15.00937534923308;54.57257414101859;0.9960227884710023;3.4607243724224857;0.8408814618653122;9.597893861744607;6
7.407334736673194;0.4080383625795821;0.3273230016913298;3.9252913786823904;0.10511895067628536;17.31787739920487;40.88180650641075;0.9938021476703418;3.084208123575784;0.9626526510086625;10.681909079989516;7
9.171511736536578;0.7449396925485271;0.3033518836199336;6.132531492087983;0.07254150629444035;17.088800085180566;48.66907241709165;0.9963298997195619;3.3702307953578807;0.690535521727977;10.15344052626707;5
6.193497612528016;0.35339020439485735;0.0;2.804991316013685;0.09398835203656417;5.054156901426109;41.38032282302467;0.9961199126083148;3.2571925515951565;0.5262921899640634;10.25328428206536;5
9.560617268499955;0.44640723278431027;0.10083960887622437;2.318115742919473;0.14993929528674352;6.745430448024454;80.99526154076821;0.997268479555569;3.1605716131606005;0.4157114325108103;10.074011573700574;5
7.901833807204846;0.6131709607853414;0.25782522481174386;2.2635146157194117;0.05251493530524273;14.092463479599246;47.263126564922324;0.995515165927368;3.362447463572121;0.8322494610425204;9.495949719776954;5
7.6678117948637015;0.6710102916708672;0.3718952728082661;0.9;0.05610459078786635;4.809601902357886;36.43493276271723;0.9968583561668527;3.3401550255574857;0.4053918043418299;9.892383576755366;5
9.557070344674075;0.4847230005119908;0.0;3.26759671147901;0.06702562017886367;21.830398510476464;73.72086275034395;0.9960665778943455;3.6265513978144566;0.5862785219324345;10.091690033504204;5
9.09301816198571;0.4224481649555045;0.23919644465882692;2.3806918189505604;0.026411217524226177;22.36586459348985;43.993299758896235;0.996070151162231;3.2162783193196165;0.6038166358119167;10.42550316037978;5
7.691918871474801;0.7860265751057314;0.297179266277001;2.7728002617628533;0.08451491416545481;16.128048168243502;40.96351416402298;0.9968526884193298;3.526016518010376;0.6279859605877154;10.840914828582592;6
10.337233857853793;0.8430019394835642;0.4314262778180805;1.5358978144490552;0.02957970198133741;6.757546665542622;46.31957012746362;0.9967769935904024;3.3628634371576474;0.6449646048558496;10.22681118875226;4
6.438949809976179;0.7061944491407232;0.401642941005113;1.8195638356915462;0.08086923844456516;30.356412241227336;35.70931361026299;0.9981462306741982;3.210846717768593;0.6619134596071223;9.31826887640911;5
9.391727956083018;0.5453572656617044;0.380688550573673;1.7946805058523994;0.12323469869909791;45.04522234277297;38.131553635210885;0.9964707782351534;3.429886968627587;0.3465219524254339;8.924052217286901;5
9.351996188864987;0.3845121701046333;0.11801130372663253;3.771021498344351;0.061435408118528594;14.474516015874542;26.068333386750357;0.9960352178366664;3.394860775668093;0.6415170739914919;13.19925781189149;7
7.781389195593658;0.3805200068198183;0.0;1.8249443787757238;0.18775503374694438;18.005817528395454;23.47072388056362;0.9963564658543343;3.3153764942287074;0.36322924284122077;9.211097917616918;6
8.887471458701286;0.6240525389478364;0.19531997615833382;6.535604849334135;0.036886181965127315;14.957626471675116;20.042592384910034;0.9953421381780021;3.3499443034660934;0.7694702602623945;9.86507124864711;5
6.1430623770895725;0.6053116797599631;0.46031004678962645;2.776424646801174;0.14593378624580522;18.22160082968775;15.592360675159618;0.9960161689222233;3.22045194534317;0.5552533470752833;10.973190323689911;6
9.927807013420008;0.7822877467303573;0.534756360229642;1.1464709720707114;0.11166121310624195;12.332516253323071;21.62202260888962;1.0005592015548392;3.186131931211824;0.369968981021204;10.806120852235278;5
7.9982702825892;0.6470810166565051;0.4050043294365792;2.0776371383250707;0.03230774864629151;12.978445079009656;33.917635524563515;0.9949659103546779;3.4239163260733876;0.5199645575918449;10.977326291040882;5
7.4104619442968716;0.25944554568323275;0.35157475633232954;1.5842352603849172;0.32093787312021715;22.829521706309677;40.48630103525352;0.9961705529656294;3.276409086353009;0.5531533999700026;9.946292735600572;6
10.145276052956188;0.7193505711901254;0.34213153319333345;0.9;0.07611563466584513;54.21243784126602;31.881001199301057;0.9959637715397877;3.2979875502626363;0.8642868285982159;10.675257135584316;6
7.094441978455599;0.35034908708340573;0.1643374381154517;5.087748701630252;0.04990964552099202;5.715152131255952;8.429428100261253;0.9962303739367356;3.3519732393916417;0.6717990007468266;10.485637720737724;6
5.869277344327407;0.46088517104857674;0.24528854422481222;3.1972226494108034;0.03792231102976484;12.449707239676428;103.55098497879862;0.996070645313131;3.3497932517175713;0.6974431482107898;10.086019436730822;6
5.611465238068408;0.575036037125305;0.587123209907003;2.927672546160675;0.07018987168456294;6.520991591790671;75.8343758117354;0.9972305561923199;3.0956010293538903;0.8622131306451349;10.682588423695334;6
9.374457315341413;0.8892201481611136;0.09091397889954347;2.4195483693807858;0.07364351551967978;34.47634850062248;50.38230769681507;0.9934506673073557;3.502937812968229;0.6237523605101046;11.549241135023257;6
6.092052926656468;1.089785340080965;0.5768079702348717;1.084996533496008;0.08297596801782679;9.309499580736178;128.06342929860477;0.9986706257978109;3.328177322785102;0.7737668369617461;10.396245760924199;4
11.373341876652795;0.6392101506445129;0.20881465064650892;1.7284129487740294;0.067414827569218;5.569002014102721;20.315692150567756;0.9979019073193202;3.2796020105766774;0.7600971148771717;10.403364545601372;5
4.697442830282324;0.4970246086303302;0.521832100728065;3.435410859351809;0.10926020021286444;19.440659390757382;126.45004956205537;0.99433854398648;3.374626900775462;0.4613075173787628;11.562932307317302;6
11.271834080824666;0.626211016726499;0.0027051481954677493;1.2879141326287422;0.06434591388601162;37.77855876337052;20.473837069592907;0.9923887531813904;3.3454813290422294;0.9283879623885332;11.44865558500613;6
8.687170392932556;0.6897779766572905;0.38132179822128337;0.9;0.028839912148856017;19.7396505787056;44.14666597644147;0.9948435629223313;3.425059403423455;0.44592243467286674;12.114811991830928;6
8.151719185345517;0.47227982739970553;0.13001367416995185;1.9741724651220822;0.07280972241825841;14.985135941918381;16.813507377055274;0.9962389337232885;3.390697550822641;0.8064390391315893;8.540833649106853;5
7.3718407889524284;0.853138044064218;0.0010992335344043925;2.0634597574590967;0.023044805996948983;16.941970649212575;38.264832285527355;1.0016025546075125;3.41767693434944;0.4351184522434855;11.388477525991247;5
9.014496838972603;0.5714127366544524;0.3115214680580797;2.382416167240731;0.0945184590974422;30.995771228546943;48.50210654298244;0.9977321882334511;3.5126490858591275;0.7443452920106904;11.063690648580332;5
8.254515617780765;0.619593756036451;0.4617996398332341;3.2395503697952353;0.04734248420462958;7.837948570670248;34.34405985193219;0.9932655796665553;3.442543682345646;1.024566166264779;9.472351934404006;6
10.23974527470875;0.649866365369803;0.1094611266672357;3.0904473490587816;0.08563039545461522;12.389771429477083;59.78497490864951;0.9953896545406883;3.2859270669507157;0.6055527635786252;10.689199072258765;5
8.51875610867195;0.605885589910602;0.0;2.5395098863411225;0.15553172082614586;10.096103522197987;40.380420489565246;0.9965988963710813;3.1415648265884752;0.5989318267549882;11.544700270101059;6
8.581525064943667;0.6810092900845303;0.2525494947763585;4.126707659543838;0.048098615839342176;6.570510508825722;27.159994495914894;0.9971819987531664;3.560169689950677;0.7460835475826242;9.532799952940621;5
7.687314750747891;0.41889442642155383;0.2533872875323356;1.0106529555453077;0.13641847642681917;10.878813950416435;26.40120484025942;0.9942019771654103;3.274341493997933;0.5879462591120603;10.893541799054404;6
8.220914614725343;0.42950568428971453;0.37418072923535484;2.884557780593335;0.06283677526407133;25.7744718627421;63.604457590176395;0.9964435185668437;3.2390338879959217;1.0132972923721937;11.352348433032189;7
8.855575077872183;0.33197223806509496;0.4504229685592528;3.0727710257652197;0.19531152756143874;18.62249896779819;24.97639572770641;0.99533648563854;3.049490977335334;0.6710425027787302;9.274009068091308;6
5.344306996777473;0.6091102215116407;0.2587111155582261;1.1681357786077955;0.06510042468729905;19.512293378535492;67.99058263881332;0.9946028587310556;3.360770965796817;0.5893228243452603;10.267754309083692;5
5.97415736553606;0.6702085706321805;0.62254562981091;1.0191210708075233;0.05087641217570218;14.469290063622514;82.72282709333606;0.9971932317287281;3.3323329905930654;0.5573456490162465;10.74203616300738;6
9.613279523599525;0.6123991159073394;0.31260460146170543;1.5086944864108949;0.11236423581582257;18.144655297303455;13.06804500258247;0.9981703666295414;3.0827327595625778;0.5045490068330225;9.568139289069038;6
8.617305862342619;0.8314086380025567;0.20417896385868908;1.5761548576418685;0.06275860306118154;8.192254318212363;78.11592867947915;0.9982979784262271;3.3779911063199766;0.5451257065168095;9.479306076969905;5
7.999868994746339;0.5289927166107716;0.0;3.281629996542004;0.0508511788354308;11.002784701139028;141.19301327363794;0.9977913340671544;3.2352712118947844;0.5847842037411993;10.275502276006831;6
8.352075043533784;0.6503734980066523;0.22009469113992813;1.6150226575068745;0.06140471928134394;14.870427154597843;44.52201324418941;0.9957549978870335;3.713547251093304;0.5648323003832539;11.277754497086951;5
8.924792167329308;0.33349384229492346;0.20608648037188412;1.4247876718445993;0.0768749335462912;15.65414307229216;55.561616347006996;0.9980576445467807;3.22459582118637;0.5409389276084768;11.108795381275558;6
7.380818156261712;0.46032205355460787;0.4524579112934794;1.6174561320653338;0.15781543630407494;16.060548120471292;73.47730445945055;0.9972872034323982;3.244721000170331;1.0879752263263431;9.498288379770614;7
6.965749777799976;0.65519679636184;0.3578718885727023;3.965469824271483;0.028853023548006743;12.194213858542012;31.79594881664686;0.9969544895776089;3.178783566361845;0.4922777631260544;11.117819637073785;5
8.660770743869966;0.682838379933766;0.04591986688980275;2.2358354392843585;0.07962159173101592;10.56299943742002;42.58430489226018;0.9955377830687666;3.501681478156296;0.6633384597792338;9.525544439501836;5
6.617631366949844;0.47708594942044724;0.30272833341809713;2.0237491195103883;0.10878964996824461;72.0;16.385932077840252;0.9957559353580512;3.254083630830287;0.7427028342052484;8.697118316147025;5
9.03035979494318;0.517112134665548;0.3975909226285202;2.09769822290354;0.08697714072899569;22.844193950810773;41.41450258797891;0.9968403851786367;3.2012628769351754;0.7498119576311785;10.027156378979463;6
5.3575045286261584;0.25678272559745435;0.5603259582836883;4.3384161892355415;0.15519250533546455;16.982790077445486;52.09409155529225;1.0013357614872724;3.4160432514880816;0.6297149504944206;11.621577227596736;6
10.11073080894662;0.46573474385481034;0.4386257538086713;1.5061712689770044;0.07569832703988373;11.518766223986773;52.69770009807641;0.9972723607121736;3.1029470596880224;0.6013126760497934;11.12187779079127;5
9.142319619398695;0.6902689694335615;0.4145608643191808;4.391461360343499;0.07149292527826873;10.105029642301549;74.82215351932493;0.9955387418457244;3.403766581937342;0.7166346799776638;10.418318166110682;6
8.765491737706144;0.633536902899182;0.2814163389768811;2.4767611148382427;0.10696716504941368;12.24952487050075;23.1193487741158;0.9951184600545581;3.577209957490129;0.6838039835417773;9.974125132557567;6
10.029882312065194;0.6201198298486178;0.34377928103045546;2.04359791000527;0.08283271201244283;15.798786033893213;26.983902509366626;0.9957656434359532;3.3949911749252633;0.5985367936365564;10.002954514355418;5
11.217925533364884;0.5389592636925729;0.5074059311341702;8.11758104536809;0.06425324160325026;4.282761913674201;127.08775725159103;1.0008368575503432;3.405684747438989;0.43020520329983214;10.536399849271051;5
10.085003913131548;0.5312713685530718;0.016772294478866565;1.2849674940500264;0.1028229815764538;5.162508826136838;34.43980101042698;0.9959414123727027;3.4405090325361227;0.5676617550434427;9.276771890144962;6
5.116878837482938;0.41114219489477954;0.2036065278287784;1.8488152144241943;0.05608597943346092;9.038719927219455;43.06954734677142;0.9984230540157596;3.566456204301328;0.4779602230831712;10.047525140634612;6
6.09353607787988;0.6557891156364563;0.12321193773631424;1.1724610908547375;0.057301815964793903;15.00622614385125;36.32067629432292;0.9959857363336044;3.4914840940028657;0.5397085734477886;10.189340676345047;5
7.232815674809519;0.6057751299900902;0.3420390925579636;3.6382429269213294;0.05982804995610194;11.476883945345257;22.4379031641533;0.9971962506284313;3.3759504583409536;0.6445431031485849;8.974350329456897;6
8.36539842736685;0.6185633926387039;0.5037422133736497;5.3299127083216105;0.1587092223479348;32.19654658050186;106.83651085115855;0.9982043160206167;3.4455837100954003;0.6999739460659662;9.522860371539595;5
9.220726695616275;0.43531372831983556;0.15657488552299598;5.2769565295055045;0.01480195173673378;5.43942549035849;27.068511256835784;0.9956133845853612;3.1771097611802332;1.0036292217134684;10.859242266890428;6
7.05720576511297;0.14239827442317604;0.0;4.187936732102041;0.09659133427024;8.438184878792395;18.461968060949083;0.9954818878571098;3.4264440386120985;0.557752504722759;10.430177668736864;6
8.644974170190116;0.7274874881156652;0.19167805844535069;2.0045732547409543;0.08008507575814777;33.01850253671872;28.43122962959861;0.9998518524194652;3.159166604322438;0.7777853008533112;10.089624883423081;5
7.005633697705219;0.4438092579184873;0.4435600090833073;1.837775956849014;0.03290234760351937;14.336446186299156;10.566116288464443;0.9985707265003021;3.254946637205256;0.6906733417662072;9.444772641834378;5
7.25595902279401;0.3747003624722383;0.3721496815604772;0.9339930785024655;0.09238384639448363;22.54506689392127;25.015552372423862;0.9982022774055124;2.8476156737285145;0.8876633296226849;12.107229313380461;7
5.872409691484093;0.6548262041445189;0.3513553870840095;6.379029958756056;0.10069134580104327;45.42658914727395;20.435789791768823;0.9981958249569336;3.3702144489051196;0.7396423224457181;9.52336224029313;6
6.713574151767027;0.4594377248145567;0.21680127264384888;2.8318175487129844;0.10681801658357368;8.73491573228402;56.21592880818913;0.997573193427791;3.2134191983337472;0.49498185585814286;10.689204303770058;5
5.96806878622758;0.720788549128392;0.02698416011824061;1.7209582323153796;0.019884971167182384;12.483388549333558;24.66477919835855;1.0005337740450326;3.4766717822806696;0.41298626491882323;9.897980075761039;5
6.621980539819441;0.6410610709238056;0.36790592110864884;4.420115366534875;0.15980945271383526;11.250602374862462;66.8034904240908;0.9967834257735666;3.3685288915908105;0.6916020318755416;10.45881884312302;5
10.15333672609764;0.653042478176086;0.11148645609342131;1.3413629417820048;0.05366135870287702;4.096187516392549;92.54310045636373;0.9977967984976818;3.478614384205244;0.5590198990221549;10.909642423876198;6
6.66804593343242;0.2841279719839039;0.6849783793422867;2.7417614838932396;0.11232515611303318;10.996924942255875;62.40867590727246;0.9939432654356714;3.1474605182991193;0.498528231455671;8.953825449547562;6
12.90034479281706;0.748149917369552;0.37839636958735806;2.0307066034664905;0.11554579964188536;22.493933430884397;33.03908529300683;0.9951325746954767;3.465757905573945;0.4635216159632384;10.412920618755768;4
9.178373147532747;0.5770250956220941;0.15967682251474938;3.0921638035009407;0.04993001973401213;18.333801516395546;41.48008926652249;0.9944184439003134;3.6258784516544993;0.6657542279593941;11.694079654408435;6
8.641614855229081;0.46353011493568347;0.15383680299616073;2.1487915497444594;0.11081445605712165;19.218864472857174;14.32345810607939;0.9991207208086808;3.424623744989784;0.9365946223996652;12.304807026036443;6
6.826457462484689;0.5558099241216052;0.25234060074341824;1.046929563273291;0.06441725685654398;10.575152443705628;34.805470619314384;0.9918501737111606;3.428552351303843;0.5762508284699869;10.28088504861701;7
9.538539190171646;0.21027765807830245;0.22449463481586757;2.309485625780601;0.026870006600972465;8.935003015453807;21.889701364469474;0.9959356109567699;3.3354396514592404;0.7422792870539456;10.464598891722092;7
7.318390182346274;0.6035575060665208;0.4821984173506913;3.824640910416717;0.1441645240992641;28.400523763080567;59.04363607169191;0.9910119574549449;3.2312996829151954;0.6227852719497778;12.78612634060364;6
8.532297077482928;0.34471312852722713;0.30541907225136883;2.1873972714924315;0.05263301164043191;9.829077632217865;195.80118941934887;0.9951205529985845;3.424178855905226;0.4609671063567598;11.634368981311143;6
12.774547096587703;0.28651934854816385;0.13098996960737969;3.3187385893951995;0.05050832428448019;15.81068242735649;52.15096259430262;0.9957671969955095;3.08408756343969;0.7699761729452511;9.759505510896915;6
8.152855774479109;0.25597534648077963;0.6291837301795987;1.2917182099714586;0.06383283105382756;14.616552148184972;10.637606407054708;0.9993312550782087;3.2473367312618775;0.4842837432056491;9.757687707551847;6
10.319735587737076;0.7302839074981866;0.2793685829888423;2.1907505983965283;0.09060489219218631;31.880874444446707;30.10267573435603;0.9974535930845208;3.0443414796494226;0.6426514650404608;11.443507924112378;6
7.096473020280956;0.41673258913529804;0.41607953843409046;1.6066974924843158;0.07637167163329611;23.748347994403932;40.98998864707958;0.995117031105675;3.2044515434027376;0.586142376808733;9.338190270851069;5
8.259120026535287;0.8060709877849699;0.15443696358549575;3.2706973262529457;0.10453954762583341;6.0865101060198645;40.08112164478735;0.9987253310674905;3.406306763784034;0.8014897581091441;11.583867623932573;6
11.401193106005788;0.43355573665058644;0.33899196927145947;2.2573156964891914;0.039275413810278985;6.493270599112133;23.777599982016714;0.9967338812836065;3.3858090064330697;0.4887896971698933;10.77770096121358;7
7.229077319449285;0.22267556763326962;0.32911089831720713;3.1756397974875603;0.0535321095014158;18.760673955926354;44.33170435222177;0.9967713770315438;3.317637054330321;0.705698035090021;10.973961217508968;6
11.473660490914657;0.32902560080924137;0.0;3.9024244036065094;0.07408060080977456;12.748415763015371;17.153147998897104;0.9944149241352332;3.335560149109302;0.5166027273144039;10.145294830276343;6
9.551488367692528;0.752446091601249;0.6529022709875216;3.1781835402421366;0.21053239182051595;10.081065955484444;20.74088415856437;0.9948189739435841;3.0271203073203687;0.5614829274528214;9.74608745945634;6
7.341307809943975;0.5019383279713999;0.515222447575284;2.5584657776669504;0.07416458109665751;24.387489810143105;57.243003462935036;0.9951323151301036;3.2541156579143626;0.33;11.984332329029103;7
9.420389465956607;0.43130828663169185;0.19453288993226237;1.3237876416138354;0.13812471105328958;14.829889347619485;19.82514080470418;0.996788276418993;3.2077972590347184;1.0861175401927015;10.15599110980778;6
10.01224474235051;0.5588032806535018;0.06056874931338748;2.217567297724399;0.0802631848647302;13.674844795140404;53.44447979910994;0.9968479828812633;3.211141046422819;0.7348454415829091;9.980299468065969;6
9.401949334257923;0.6203208925101581;0.33603670662267493;1.6846577076655587;0.06121968719250158;21.166958547385207;15.818073603822699;0.9996337760606957;3.399936794172063;0.5261764592907539;10.334253337368605;7
5.5878089873906065;0.731131786862443;0.28647256288873535;1.8580579670265343;0.06922436894819314;10.577693373610684;116.91838605519065;0.9974316048190819;3.1809239010242036;0.4806198764102311;10.6265336820082;5
7.054781314064729;0.7907298613807267;0.3375771002270136;1.8289455813879514;0.07209358717815813;33.99301640629499;23.127203493899408;0.991555625182023;3.2192978724808885;0.5636868214672915;9.31701711441019;5
7.889317574140382;0.46524164375796456;0.30639970527687704;1.336393748917905;0.10759680732916216;8.254204339877633;32.86499180319842;0.9971990197769562;2.9969396131435726;0.7664847050695215;9.815587501198605;6
8.19048583336592;0.2913114165052331;0.36618578796812595;0.9;0.16049236766863906;19.66074145471119;46.81261946017885;0.9939449689232818;3.2658815229435745;0.3956663632206566;9.758705680920517;6
9.39996944973818;0.45557627099781034;0.5449880828844432;1.5707712456040788;0.09480862999441272;31.351374717153465;26.425873201736703;0.9948646552432381;3.146824367842957;0.6166099217704968;11.324449925929327;6
8.629199741623863;0.5768504911849195;0.3779396089744428;2.4548859690379135;0.14561752860887128;5.793871887419403;41.540795233191695;0.99515687800372;3.3218804393034467;1.001136725199324;9.472020052240119;6
5.996500815844424;0.3565233932820901;0.0705654552071112;1.1041941616859303;0.04770011626221114;10.781501045731337;54.72658455619202;0.9954396571853267;3.1673337929886305;0.47948948282003995;8.541328392198881;5
8.981544260750375;0.3577128353188923;0.5288869420153659;2.2388954404636725;0.06345111318296541;26.313922145371105;69.98092272891746;0.9940872161551234;3.3256813368323823;0.6522936744631374;8.4;5
9.382419196793853;0.5918818186789794;0.5817167670627745;5.946091088080148;0.054036551417649015;26.55266115357092;62.82115816809022;0.9970866158065593;3.2882971358886484;1.1171669766828394;8.846693255896982;6
9.29403537940001;0.5212425767173188;0.8688907795572962;3.773824398713446;0.09261017325646166;11.953742070910051;33.97085324969771;0.9940194756583272;3.560806265956348;0.7502004309295697;11.87684587704748;6
10.200558462465041;0.5359034591740856;0.0565361336844764;5.205295734276138;0.06530990191628014;8.523119475285384;34.52114705509806;0.9973776684537747;3.3845826970679793;0.6598659507583648;10.437341061447935;6
9.771024548915094;0.3934708397539875;0.3161475824985523;2.7198322699074455;0.11487055530890482;23.528612816837963;169.75715829266542;1.0009502450464172;3.0340543191156546;0.7267107464131197;10.956336522883706;5
9.11897333785748;0.4885278714429619;0.0;4.067208025915503;0.048543375485184434;26.975508626396987;69.50359270481438;0.9941742177880253;3.120266673384594;0.5773921795802736;10.994041868019822;5
8.197911662061955;0.36363803403170525;0.37509833971204976;1.5259775747684052;0.08044971958917826;6.58315909412941;21.048722383748775;0.9961594304217555;3.31828120134885;0.8884811921950696;10.480116792679782;6
5.429927975682176;0.6902357140024616;0.16584194334831323;1.590269256313852;0.11234206136491313;6.4297759779113015;40.40552191084375;0.9919054310112263;3.1705228077411025;0.5776169014105231;10.3399840125831;6
9.0675357012907;0.7163448802502754;0.6354547010167412;0.9;0.026954792528502868;15.17041291693636;30.608048007042758;0.9961282229433568;2.864744735464622;0.38899467307749175;11.53764327990541;6
8.681376575663814;0.19768618479714314;0.12282315569646945;4.106681742261052;0.2364372049513013;19.337869208737708;34.77094951190255;0.9979211625899999;3.5124319470750613;0.5787932168741011;10.576215628314525;6
8.79254717671995;0.36268804516536624;0.0;4.934150372038706;0.06792880200862082;11.072000988471913;17.29611687254663;0.9980692145395789;3.4180336025358113;0.5002469517604321;11.917034302811853;6
6.098457478072661;0.2606247340837858;0.1804598892665213;1.6672102274539484;0.027523581298159357;19.92662633172122;29.144361150382274;0.9968469910875398;3.3881465310237657;0.5951732158156535;11.084288041460157;6
6.438961619689624;0.4129956918067584;0.0;1.9468946222958352;0.08539682308125009;8.649648113619891;120.4577946053553;0.9983896005070421;3.2189015431793626;0.5985177974769685;9.7589579873753;5
10.152485964799252;0.5149811654377351;0.4127088963563889;1.5025142828071223;0.08005067735981442;3.7206370962713;54.8566519355117;1.0015375036182914;3.3741515156514894;0.8657609114671458;9.888066594459168;6
8.25117403228942;0.2690638604542646;0.0;2.707912663439765;0.07540252805357865;10.272200212133182;7.731314127404446;0.9999533789061315;3.204345951366868;0.7623025743464666;9.641612657093921;5
9.505811213428366;0.3640652336374437;0.2754069404248002;3.978439437935178;0.13155018826619314;13.763630997281366;82.40728281658347;0.9957072102341217;3.3407285950326537;0.6832398892822957;11.722776383487266;6
8.369273974467;0.34928767302533037;0.0;0.9;0.11592823718619957;11.22756229871566;75.98695365165108;0.9939429024257133;3.1719125161245283;0.6386615991988387;9.986595480348258;6
8.371775682722593;0.5673081192918099;0.20914341713803805;2.745766681374528;0.09181777656051507;6.607164723985311;30.14006357481325;0.9959283123085098;3.537443267583402;0.48870211699609106;9.565634107424394;5
9.952613822398236;0.5424819806665251;0.5822418496028615;1.9241035077097444;0.09936346583123344;4.4527018964908045;59.91431171294995;0.9949007327453271;3.0744645018877232;0.36771245059000957;10.762162504005698;6
7.42208217290177;0.40008724039929444;0.33852309937280106;2.3551992050841504;0.07452912465055833;9.730560318910488;21.90422475182632;0.9975575603409428;3.4948425744266247;0.6577347374042596;10.316031196181422;6
8.487250151877312;0.5618277569850917;0.10593621505666256;2.8172019017032137;0.1975831555440459;22.719243737612494;28.07931832241836;0.994455732275084;3.3158373742025997;0.7817409966990442;10.735188308455426;6
7.515640997653226;0.4315975847742923;0.26407133710157404;2.0143819303377053;0.036530258861838236;28.17864376902616;98.64572591145539;0.9965616373780783;3.2365799506987014;0.6218282766993207;12.442100877166412;6
7.563976564267771;0.48110208014131045;0.27342320568844486;2.1046882202113713;0.08458390329586968;27.04306438711646;31.872182619514493;0.9982922267036191;3.3350504382543606;0.5581133868733634;11.39698576234388;6
7.782040505164567;0.8312213762537367;0.3597997657102471;1.9877565522749403;0.08137265080953542;8.117221330652512;11.494620467803804;0.9965086778416474;3.420002201076727;0.7189915230621083;10.44890129310304;5
8.70651276264266;0.7712829893222627;0.010296910976642992;3.672065903648968;0.11995496762613206;6.626626755968565;36.40670236731946;0.9949020037367792;3.51501201050416;0.6257811201648928;8.912986978899571;5
7.48697739830555;0.29607537735303247;0.38258778203099286;2.759063988020455;0.05078780669471676;17.856108097801087;36.053278365737135;0.9989321467094129;3.3569714534700297;0.9798250125968817;9.885040127986759;6
10.505015658497927;0.6793518352182515;0.0;2.4897436712307877;0.03184792264075893;19.404646939433654;81.44757744820188;0.9931299362049678;3.1763955872106586;0.8735425962671541;11.180819329723475;6
6.763383294138063;0.6760513798084866;0.15032193505087604;1.1492855351836506;0.08534055371756076;16.850924830198586;38.256098594169785;0.9960771893938328;3.318344518564868;0.815098585325366;9.166986087561856;5
7.994843339159235;0.3233126080245287;0.17722796993420653;1.8251147262565315;0.09102851036347831;3.952454750615516;28.96525386728577;0.9966208459555755;3.5825189854993558;0.774462591382994;12.710838217073478;7
7.554867958602936;0.677379975875875;0.3903320969535353;3.5382097698879913;0.17035493507310626;7.872459911836104;73.85580853971844;0.9967302264509593;3.5121517128268938;0.46087536407838026;10.435425722020037;4
10.837741518775495;0.8068277453142595;0.2742998620086052;2.264586818175295;0.040709076588695006;13.01650630638122;40.945522550252186;0.9970429425065483;3.4463145217186537;0.756087682360538;10.472267780734148;5
8.662005311130141;0.32794193487600554;0.0029430197673055492;3.1257666379750515;0.14319220911833364;17.755402295072706;23.487874362798234;0.997859835657638;3.429353053018358;0.7031014994991309;9.706689643534963;5
10.115409498675424;0.36484949221743257;0.08285130609476714;5.547847903084865;0.2685819734892636;21.00836538271214;79.22405258889445;0.9966327258658139;3.4149175135909813;0.7453246650764084;10.95150939975002;6
5.735124950915669;0.7131790640318305;0.30774920181400733;3.8043607911057338;0.06467597559779555;14.449991349304346;42.89475361648495;0.996000689263927;3.4838132251764806;0.7241317732590178;9.180938067021211;5
8.78466746261251;0.5788691559486167;0.2549772050457343;2.3306268904950307;0.04027686880809891;16.16308792059342;37.978521073253134;0.9959255802451467;3.2415056821417143;0.7168554137045418;12.73643507033856;5
9.867957584384781;0.6292657295431142;0.15996641916920812;1.7040659376560074;0.06370356575672767;13.943638268351092;42.46565474003283;0.9955381199761272;3.106737090133749;1.2673169013199441;11.829565895977652;7
8.463174141339238;0.5913060589520894;0.17864157999272393;0.9;0.07924769051013036;20.002478335098285;19.14126069022601;0.9981963323162211;3.3203505251105594;0.6269156196029176;11.47319719636084;6
10.173935852613711;0.600325265767066;0.4022719194602649;2.035178482229539;0.10539540057972849;15.990069577565313;27.069334190630123;0.9954715958889947;3.1873627619833464;0.8103258490368811;8.932240963804905;5
7.419918096825353;0.2912350169040051;0.17163841115484924;1.8755231372362564;0.05789275911951322;13.784359408529724;37.994440014101706;0.9983088651071157;3.1517468866934224;0.5672207955500084;10.639792199389793;6
10.772264545922908;0.7185171871918608;0.2532626636344761;2.718758778821454;0.17625055689576297;11.27805839087394;33.47898159252879;0.9967360982562938;3.2019582135118103;0.7809489429189114;11.713722445874984;6
12.320082735097495;0.7405261986369992;0.6822879517353031;2.050509133139192;0.04413578856780022;13.913737795293907;85.38966037411173;0.9957096158669734;3.682797088680053;0.8109386209640448;11.054622777312781;6
7.688660904834993;0.488709666067755;0.0;1.881001295180749;0.03192180012191902;17.72741074212286;43.54971453380669;0.9978749737099138;3.330418695111377;0.7009841182787474;9.347743258041861;6
7.544825612762657;0.5221741490335048;0.0;0.9;0.1396726752977988;15.560022647207742;65.41544157356446;0.995317837543026;3.3642861754541484;0.9757366855534776;9.724399681819738;5
10.8488889901848;0.25440064953997;0.4188820363117353;1.3643583237157648;0.0241817880299713;16.656280939533705;38.13565106777882;0.9979125496773836;3.126645578949362;0.510811699545526;9.93642833233359;6
11.06845553357144;0.6225658560832104;0.14105781835412037;2.8431014746381353;0.07077064862502233;29.68179302396164;74.38714961330821;0.9971041796302644;3.0334370561811057;0.5648921620709229;9.77432151709719;5
7.410223552753314;0.632970339508546;0.20953486972890215;5.404234114787531;0.3963415442412249;15.538434978693783;48.85506491020853;0.9955669830907253;3.187142103532179;0.67448476961064;12.055793354210028;6
7.588874938253208;0.5188056169401241;0.12158028815508833;2.111310630870449;0.07818426429036035;8.973180743450214;38.2337422781612;0.9977044061491357;3.5257293377813124;0.799001008830048;8.4;5
7.8296947805827175;0.7323836047766905;0.22063797325417264;2.6320265708619743;0.04399328796447627;22.528338785099937;37.5876690546478;0.9977385204788084;3.3601413199114782;0.6688753750107563;11.121833479434954;7
5.980656110800358;0.4698660984236107;0.5737222412983048;3.6382734488709825;0.07636663928363084;5.8326188786637285;20.615120045488933;0.9988992872510389;3.399789263716659;0.885362840834534;9.037235388826558;5
6.721545613117495;0.6316290666608481;0.42240440713744265;1.4587518838239841;0.07662836110710897;6.920703593362477;52.38761076745056;0.9985356793235777;3.4207849058803093;0.5404572865261436;9.391460908427357;5
6.572795065851402;0.34646041903541924;0.4338224672585257;2.685773410335061;0.08551010629953332;16.21231924895885;36.947370681082816;0.99763342063938;3.2212975930302585;0.4786841750486395;8.4;5
6.984032236718817;0.5257606128426372;0.0009168593993973663;1.5129636277467235;0.11091813019210173;18.06931846207441;27.51631320909812;0.9945575771927034;3.5181948375960053;0.6910530124093367;9.832511758660013;6
8.259648295947;0.4986162335774896;0.05128079005495486;3.476686541688983;0.04589644164645113;6.272851899913962;76.80763945552037;1.0013523152775308;3.2150788601166727;0.626757604467336;12.036482867146958;6
8.727533634613545;0.5705554259673695;0.0;2.402054952384067;0.1887736493183903;10.528832133666837;17.068895532619486;0.9940331291989636;3.520934853889383;0.7334140001418815;10.703361939437313;6
11.017870857496494;0.4634851528099955;0.11621764399427674;2.5922796590843737;0.08933928934719661;9.207480050270476;28.948370455770533;0.9985036000311364;3.3763453234203014;0.634715029989067;9.137753144710967;5
6.582863969114504;0.5063349327790998;0.45177360541327516;1.4803021546197064;0.11469321973975569;9.89209873515997;73.043110816879;0.997519439252084;3.0416432268630516;0.5863653491022108;11.508348011585865;6
10.032720973349257;0.6786884908594711;0.3682198379921905;3.203674851851024;0.056799628666464305;23.354895176501905;46.36394352511267;0.9944691294922859;3.19779857700992;0.6271139639099477;11.737495562018493;6
7.947659411047614;0.4513824372971209;0.22791248003909648;6.542561320583267;0.1533138335009072;20.25498758502413;36.76732462233997;0.9964638282161309;3.0422592200691843;0.643828907274094;10.531329734711822;6
8.233933145204768;0.24081612186703777;0.26576294609356993;1.317149573103149;0.06885455782212165;13.099380332042266;44.49360189463016;0.9965503695161352;3.4844923199191316;0.5915957705978094;12.597181599223271;7
9.49418591636989;0.8449251027569757;0.1391117469106729;1.8622082709699992;0.09085503391895573;9.546049670705822;42.5064837573406;0.99918060716004;3.30628968687964;0.6070658856258404;11.299073613348337;5
6.3664636824816006;0.7786617341642876;0.30890418765633904;2.504009619581372;0.04849042350578774;5.890882330100307;14.399738161924107;0.9953447092894676;2.975748634007533;0.5769931007978448;11.15043818280307;6
8.985392958360249;0.2973927148809887;0.41551687310131685;3.3382167676322276;0.046911539450520345;31.09542596805182;30.333487801255398;0.9962023044877938;3.366362032257949;0.7941270598068918;9.56038478333207;7
8.609626842290718;0.654147404944135;0.0;1.6617158843074487;0.11242059527762503;18.91005289328145;106.35977643377197;0.9922614677504596;3.229425360641752;0.6713536023467265;11.091316379614835;5
9.176865199374179;0.4394645413007583;0.32693306068909617;0.9;0.06250467721488862;8.667681488220241;24.887574782747624;0.9999960493069349;3.087429121745002;1.1324020277851246;10.651966667036808;6
8.823153440399604;0.5774276987595908;0.4471626254813868;4.492014823344102;0.050525888325435836;20.41491531987788;30.9388207018837;0.9946661103382619;3.561694875545305;0.6657085111987024;10.976217032857999;6
12.592222243444956;0.5829603432224288;0.1911309450969598;3.2937052655821617;0.056358470478362656;12.703425714698362;26.82911531936204;0.9973211306420544;3.3260928799144867;0.5558542601840313;9.687493387518776;5
7.210332427402711;0.4878065959430621;0.40313311630291093;0.9;0.11304900524726536;11.151821084839838;35.85990231032042;0.9965073251235285;3.265985289653003;1.2576564651051076;10.557065806264117;6
7.396065298296838;0.3889221801944487;0.8047843444497851;1.6208673760461567;0.05677346178021475;17.209350809616293;26.12782439062687;0.9965137981631117;3.2500862828520973;0.7097800070831288;9.545958194769995;6
7.2357354840209105;0.40570261058307333;0.25017486933249056;5.005909382423716;0.07401693101036726;8.48824098306575;51.71742769992858;0.9982387377712547;3.0830080796263344;0.8214482128022509;8.4;6
7.3534698126611575;0.3650854552133764;0.34472833950101156;4.703114332843978;0.07928973927959665;10.77877288373187;42.994836591576906;0.999875398674577;3.1143176650623836;0.7426241497142445;11.48818588837887;5
7.2109463984866595;0.38027200251852;0.12976915410433562;3.6122727841810516;0.029104601012190017;14.253520177669934;62.10560509725385;0.9971778379728898;3.5027375177312625;0.7484644607649696;8.812443789592216;6
10.38888876412714;0.5179079077911161;0.3044377208943896;2.027043795960982;0.03668346727200576;9.816486993509612;19.38377303249071;0.997944648233498;3.238917569532142;0.7320750605563532;10.534689517317185;6
10.791677391502347;0.4011632019600647;0.35745160874663773;2.318373484816623;0.0936648206655128;19.804817435168246;30.50669000990186;0.9973248939197814;3.3133101551405297;0.4833772201767325;10.776312278510472;6
7.326901448875912;0.6527693718282715;0.30702004465132626;2.0750764433734843;0.0536810484316989;40.718150698101354;32.82189497059601;0.9986333097054683;3.003350428569839;0.7015356237075667;10.769422426973469;5
6.871701302798642;0.797704307960467;0.07625788925531723;3.9852646869431316;0.13609824914572713;8.423233291865483;50.7012242633907;0.995820458878976;3.1122861946306744;0.4568405673768872;10.117105391249872;5
9.140263068112343;0.4255904165533923;0.3092087365518357;1.410464981971419;0.1298970037815146;4.874027593017248;22.849168903953355;0.9987432420533913;3.401471877981213;0.6115085270340922;10.71019627854957;6
7.35913190295111;0.5730928100963679;0.547817228356351;1.4626084949701617;0.11424052155173821;3.9818180449753093;68.00146769122988;0.99880994974473;3.3666567640170753;0.5317710971058374;10.923934764670124;6
9.421301362894589;0.6199433198545281;0.3552407952577602;3.748906596762346;0.20217335217685214;12.10567275814078;80.82862132488093;0.9987568203164976;3.5730062798086473;0.6997493900252209;11.206412352854624;6
8.673086056281262;0.6149604087654694;0.4527775659236498;2.1702946360096615;0.07535581175516165;8.897155311807785;20.16702765500476;0.9954457190520607;3.511443449744684;0.6956215227575394;12.274782233141162;6
5.682605239904817;0.5436719482248957;0.22496772569760076;4.5371213604840515;0.11015102516595826;15.012726676455992;27.7122704682385;0.9963801584949493;3.2753933541272766;0.7220308948900772;10.670587742103079;5
11.012659050314307;0.66368283530475;0.41248104549050496;1.5680307865172824;0.05810313234168913;14.34918181072502;26.995533665392745;0.9971549872786829;3.380943034706991;0.6874139910640289;10.48853226416894;6
11.444827151186209;0.6168048114825183;0.32306088926113996;2.158608966434814;0.28068069843934634;5.058676530602325;203.39674342402049;0.9940954001148249;3.262509483564539;0.5480250796431603;9.4498000070754;4
7.253747678557168;0.30722076398108644;0.08932696135942593;1.3768284444599335;0.22010643383498293;4.454748705759587;28.81190016452636;0.9997303483953635;3.6182214727957973;0.5982267009891913;10.886462566572291;6
7.645399285711388;0.6864480915900691;0.33051899091178616;2.229262342577517;0.07916041772458929;15.828271996693271;110.58940377395959;0.9966766745863459;3.48235220440786;0.8070584860860045;11.13409992036041;6
8.817405779861335;0.6897123507080136;0.08157763394634102;1.0320500225448301;0.09614088914187281;14.373603218338591;16.891002097489032;0.997239462986449;3.3354527636286626;0.8377921878759811;10.214235592818659;6
8.901954814577424;0.39260850124785535;0.14975274777188954;1.7248188686350039;0.1592227348933673;10.26037991874202;20.157008762515698;0.9956036915645183;3.340059217731453;0.4779320063504826;11.00273537947692;7
9.465867034450726;0.5368288103805684;0.3059723783855511;1.0549221492178036;0.07289367806777565;4.897450179284108;24.45801947183403;0.9941789326372027;3.5267275430889713;0.4335932330362541;10.107007672902204;5
11.817755897453448;0.6529992187059925;0.3264764119422236;3.1819820471211897;0.05596696558479724;17.587415918941815;22.096721993146456;0.995552343217598;3.3969366770670772;0.5315996974351415;11.137962137735148;6
8.012111824160355;0.49232351247571493;0.044045831635345485;3.2195827639356343;0.12379201301621759;28.445659581167416;31.950210654300836;0.9971164879565039;3.543794202560513;0.8329966819279626;11.396484476011825;6
6.930962794503091;0.7231360485978822;0.4702572965247465;0.9058213272717028;0.08194076592643142;15.658530671361394;24.114342396602627;0.9979795147442321;2.980952811061169;0.8696007891260178;11.38153181740162;6
5.919984543254723;0.9554970490314849;0.37868119287708984;4.433488746337727;0.08650683094004562;7.964779755920131;22.471426024499376;0.9970074039271452;3.37918423922482;0.5056033873459527;10.546093428971192;5
7.048181730501061;0.3885225141257032;0.1361015972339321;8.102930575502718;0.05104084572259995;13.610068632063408;79.39991942189782;0.9973587756308597;3.232684770297792;0.6909095843034944;9.307234077769754;5
8.262359067199593;0.28141197143232055;0.0;2.274361077436891;0.03228029862912069;5.8329140598226985;82.77996116599238;0.9960596498881055;3.573456698144199;1.0174541254189806;9.765253033673252;6
11.442530682520951;0.5846873472088776;0.24246812997452807;1.5929303925020715;0.0889245419538218;25.015529101278354;69.47731268476265;0.9976428722758663;3.5419598030784742;0.710083211311441;11.05681833655666;6
7.419356339677062;0.6598812509227059;0.18527069436637958;9.599019364866153;0.12579660870028583;13.918359257334789;52.961898227113046;0.9995173824461333;3.314925371365196;0.9163533113163637;13.040229167142042;6
8.709391035851684;0.4884440527079416;0.29149668684007435;1.121036982825102;0.06997945830896983;4.581545541282002;40.219123459579194;0.9980390999406341;3.5403446468216546;0.8232410273422232;10.055428774460673;6
8.291424160833412;0.7915869193977862;0.20100783438044237;2.244035138499192;0.1657213816725985;11.061330711782299;27.603576540776672;0.9982381295876807;3.577467177998876;0.5074666091833269;10.90774631587531;5
10.387804295799667;0.28905095604981523;0.0;2.437444566949034;0.05461091919168502;17.50216638705801;20.63198226521218;0.9972586311586826;3.3211610007889223;0.6090926315121326;9.825023763497038;6
12.716862421020101;0.65472535214569;0.19621408172277996;4.4594420366963226;0.0455267584286447;10.848326707208047;47.7901469344924;0.9938440053677607;3.6807900658647785;0.6447932946963405;9.377855262653462;5
7.396288335118642;0.42094505226339923;0.2119323688970206;2.6759429914009982;0.07597818143670872;11.227186268791506;17.923904252314586;0.9947151335918006;3.305298827099542;0.6562316902818246;9.696342025972221;5
7.468375370018294;0.8394880231173134;0.3903955947070712;1.7150130124745357;0.07537522869050241;6.351135316523238;20.102153339489398;0.9975642640212613;3.277821857449614;0.8062269698410629;8.4;4
10.136839926100185;0.8886527635702614;0.13734206182390057;1.3564498313335303;0.11729042589135501;18.621814873160353;79.11873755933102;0.9966792158012758;3.4398808882876515;0.7088915960184073;11.868175517311293;5
9.506491191949783;0.39200181419899743;0.5889481879407876;1.8602184045126764;0.05263525389361353;8.976034017909235;127.5054758691168;0.9975357014842984;3.256931390328653;0.33;8.4;5
11.5332707467807;0.43107971553645563;0.0;1.3178217082749915;0.15995081784244314;3.6284929879384764;48.723271633744815;0.9998852044939037;3.322800966369234;0.4582345627084734;10.137703793471323;5
9.336035042467177;0.6847258196563644;0.5191218245824987;2.276506184118404;0.21820636322670436;10.602192283185522;76.80741306024832;0.9980794683985358;3.5214151636076365;0.3671345552093475;9.159403151975441;5
7.694831762030517;0.4603164830378874;0.2273793955331601;1.6577160250873018;0.07709303571234136;23.887649104485313;32.40301537879386;0.9990918837909114;3.3128828278325906;0.6681867252144168;9.47371316956244;6
9.347739405404619;0.5218259807721971;0.4333211257452757;1.0237972100592587;0.15042543496495797;10.502860282984614;16.142273212714713;0.9968798946399944;3.0557473310537038;0.6793068715359922;11.892879245920374;6
10.24914423021426;0.5345699156976339;0.2851622819711593;4.256201598850444;0.045484450665771156;37.63528454094191;56.02763716962655;0.9951662902127796;3.3650979081773795;0.6867049782164466;10.63514167933359;6
9.747638995283413;0.18445883188442191;0.4865155518448392;1.715867754964429;0.13741014074805757;17.14493484738644;54.515079150210234;0.9965900542974928;3.2055559631421406;0.5012376707115822;9.387026109675581;6
9.202656814126698;0.5275092057030373;0.19640122673496588;1.150963482342812;0.13543294554070368;16.24068937066226;39.68180249861449;0.9951709715539336;3.439790673594182;0.7582274461730882;9.789216668228732;6
10.176013959885129;0.4058490006684487;0.061262119216215695;2.0353111678506193;0.12311635504057916;12.267212689840598;32.4749130763232;0.9996607604178677;3.414428457373937;0.7663648449014989;9.600935094126969;6
10.35457432737547;0.4412378919680411;0.539895814581502;2.300877768988461;0.07804167843111912;12.71821697399533;70.0523001839235;0.9982017430454174;3.5307100522249786;0.4649840318646261;10.373406130875598;6
10.724956644405298;0.7898537606243866;0.24843867728239316;0.9;0.016998344186130606;11.311606619515041;20.207473396446876;0.9976889737435938;3.4461298451189046;0.44078318198741084;10.60499410272283;6
9.448755204405979;0.3038287590297339;0.3120961099886001;2.63726542081958;0.056401051077581345;11.050738709143426;23.13442729472326;0.9990482920842334;3.47353664254871;0.6391172168341324;12.448265007354559;7
8.029214540248674;0.6763769336146359;0.5046028636685111;1.2906287051632581;0.05686545930872246;18.227051711333047;19.920983386300687;0.9928618928124059;3.209635485979343;1.006515257880163;8.4;6
8.575281814393982;0.4797866725402745;0.07392850400205739;5.390586140427798;0.047368157079756106;7.553106456692136;40.020173433286644;0.9978174621075511;3.4305979743835753;0.9833075470773844;10.38275082320899;5
10.419325601724541;0.4796431696707498;0.3831432705514589;2.9136753186250473;0.0838236431828413;6.943685369440837;18.931995586758052;0.9942097730098217;3.6052676934040435;0.7372421358577981;10.08234256898806;6
6.89853193248221;0.6722669412893081;0.15791999627205075;1.8050583169554129;0.06330868310307353;6.749186483962132;24.49492183585548;0.9966862141729153;3.206702513704485;0.531181204169283;11.432806924656957;6
8.961491557438848;0.5912092330224002;0.24488782242756937;1.509300102289179;0.05129718864890423;45.274258164892615;24.1609054944959;0.9961077555743123;3.579960743759065;0.8002242385385423;10.799655386450882;6
7.635590466550393;0.6327103394995156;0.2837330034230149;2.1031824863186097;0.04543015312035393;18.221313130281473;32.09921430530913;0.9979572995629842;3.2275974863198007;0.5698961123934709;11.051687562682991;5
8.370015991906582;0.704273238895915;0.0;3.050954804917463;0.05428344652958954;15.909851447100715;14.671427118161667;0.9971335558490259;3.182204313242504;0.5261551820829828;10.789242219036138;5
10.5445062409367;0.47036449102700195;0.12202096186411741;2.1916212666818358;0.14074809662441978;7.020762297305444;40.07722258977963;0.9992557226298624;3.354430066503226;0.3711965617730233;9.422769495946612;5
8.652512378354633;0.419797387788605;0.5267038495584965;1.9843765482634277;0.05583936460771484;19.2680926538651;84.0313767524034;0.995556395394228;3.4173865624193214;0.6559404930768511;11.716054081247524;6
8.4007995937917;0.33467290521959636;0.4383763258311112;2.288982017919778;0.06023452264882546;12.354664821902134;41.331495936610246;0.9980473173403033;3.4467625185958397;0.5448339355823907;11.274400247938766;5
5.95385031469494;0.3814261046037881;0.2580984803078254;1.623986917034361;0.06208174307233239;15.069718692573458;101.37576272964883;0.9970082241121078;3.16573563688402;0.6549517582975837;11.399616877145474;6
9.618481204887365;1.0608369965555706;0.3161934571174497;1.8588844354633653;0.09379683470703705;7.370309101597263;88.81177546788388;0.9935929484868641;3.3751810145881436;0.35686153258199654;11.772533682442667;6
9.443142475185471;0.7540423245326217;0.21409392392907306;0.9;0.09967800397380634;14.589661475169448;62.271800884542486;0.9949546287288062;3.2071668142774743;0.6672494141449589;10.866912357697597;6
12.084063218551501;0.2868066140825562;0.5277508433073166;3.6785615208586626;0.01621970279023697;10.272616894369312;39.7582894711145;0.9964152317363079;3.0866616615894134;0.34514075623830137;12.004661872405718;7
7.784465871181779;0.2919575677861574;0.2319330102191089;2.592744519619733;0.13364379846392543;8.366191613395925;38.45594426712855;0.9988133556547943;3.1706895526700825;0.8420675837169422;10.824074341811706;6
8.701321570135253;0.6167358911093285;0.3140499975056211;1.4873332790924287;0.16571609708571325;20.593573624424586;61.72043718597036;0.9975810738093586;3.1973649451066275;0.7295258898852351;10.185607310813669;5
8.753927609656714;0.6285076635280341;0.4877457273869924;5.941367253775819;0.04563356106398691;5.261687562321809;29.52350723384885;0.9944817484346267;3.388239274052876;0.5955548664163425;10.4129338157828;5
11.064768706788445;0.6287990903571257;0.12229941787927777;2.32321976895496;0.047514722249166794;18.602087113590787;11.401182349302454;0.9964333991667105;3.4828320494603004;0.737114245043681;10.394487168094356;5
8.154185773646704;0.4841079571603344;0.5661699450544099;1.2980171741216826;0.06228958287901951;19.98886803875003;51.89141750964863;1.0005338322527069;3.08901900551871;0.4988112755067925;9.86425128536312;6
8.80549745484039;0.507418233199478;0.0;3.462144944589353;0.05315536079320663;7.812359624741279;18.417447221484753;0.9969113243361977;3.3627941611312084;0.650970849810261;12.166121067756137;7
9.377739926906779;0.5890183143486843;0.5796320049114317;2.729605016657018;0.08836294185952348;8.095705539583586;20.51402793038306;0.9960780814073624;3.1334952721343643;0.7817673160720361;10.737036041088924;5
8.644699874292064;0.5454607411327995;0.19919163904912485;2.7247028779245444;0.028667502202329526;11.589432482560504;37.91308564033006;0.9976343053174368;3.4043628113521;0.33;10.52137016914121;5
7.543205510682081;0.13052593290544373;0.22388723791319648;1.781030877110936;0.04405813635375055;15.696702975853738;35.67478414433873;0.9981504468512058;3.216590412849438;0.5706476842669786;10.835453452771285;6
8.657716587643055;0.4886360664964651;0.0;2.80482075516845;0.17479391145460524;12.08833023578802;15.393695646835328;0.9958332801397879;3.1523006472965083;0.6354809315912627;13.608444332908748;6
10.188119244756004;0.3767468418331436;0.18358900369823836;1.9390333429984328;0.048613461040291926;17.192313640581343;42.13046570232006;0.9976548920713058;3.4299496773021363;0.6081189665564836;9.209055118198364;5
6.533863379024756;0.5615380554035322;0.072436759104892;2.9623725925111692;0.14993611860631023;38.204551547234246;70.22818126900381;0.9960751099563255;3.2219616091832357;0.9246584907521787;9.515808792463584;6
8.551367233015565;1.0673466204686137;0.15454719437904021;0.9;0.09459533437202379;9.767873027629806;18.449529340555095;0.9980667224434759;3.2626054072970954;0.48071180110329464;8.942789011331714;5
7.101789782005839;0.5961466997853748;0.2439109165001129;1.7735531835789309;0.030782666335467637;4.7296732103491;85.39265488594201;0.9970224170001455;2.9770016368665435;0.5460377523280795;10.17111881487403;6
10.399381134329227;0.4735646564889684;0.45198040674985207;5.421761189942941;0.10937948608042222;21.761178179461364;14.005397231694204;0.9976157388714005;3.451982704213521;0.39328842410542225;10.682704734360275;6
5.669654785676232;0.6959242703559054;0.30944463676611894;1.4922660033435264;0.07401645612571195;36.41952965857076;146.41465453188414;0.9952575512622818;3.433136278175366;0.9372070151568497;9.922104905375047;5
7.347475985747437;0.6168838196976583;0.32845856414621166;1.6240042842790405;0.06212137752607254;16.776181435839607;29.156691984138888;0.9951395558702616;3.310818676642197;0.600461716132763;9.842492325977606;6
8.976348662612267;0.6056170082813315;0.06185131611934317;1.760650702809695;0.08933200616725191;6.8944190486455526;41.59945468660521;0.9984964448788529;3.0808628587966362;0.5719240997440266;10.572373207292102;6
11.044011810867753;0.6392331067788208;0.10265672297548131;1.183220372115533;0.10063295120977679;12.300457582847226;11.3321738566692;0.9965491468753676;3.4914053767502145;0.6306931724042482;9.882744627432224;5
8.205594545733002;0.9001778416693176;0.6117577534867492;0.9;0.11355664889632369;6.76815060996798;36.43383132541055;0.9972415660099888;3.2100604920458813;0.7509773971974822;10.751888135085636;5
7.353952823553835;0.3264400816413352;0.13031180339498316;1.9706145998509728;0.1449525700316476;19.495248543353284;43.85865720993386;0.9961178486885356;3.241996982484912;0.6979592272899566;11.612230751014586;6
11.593213300826626;0.6152537738260618;0.5846795678908862;2.3827816963290074;0.09722144260627821;5.885079851273398;35.879432121777974;0.998407580870626;3.6568066084539295;1.2504126402613909;11.144422602686863;6
5.800455813275736;0.3632513966033231;0.22381837221263537;2.161153763023789;0.03854600776793384;11.064955989761673;26.4641658550701;0.9955451610379437;3.2044545333836156;0.7170686193065013;11.362684281466766;7
4.6;0.6299922763416047;0.2704347078672658;2.0601246662757804;0.06153844389744938;7.2486234773010825;20.71897803191593;0.9964423576441883;3.421331494363975;0.5680472230606344;11.58193270031219;5
9.085625143092798;0.36463642793250306;0.4733693804436867;2.2708681142999523;0.3620217719613596;14.29951292714711;77.99638206683402;0.998193386344136;3.394313839312393;0.5543770734231532;10.722626131327011;5
7.446425649626457;0.45487397355108483;0.5116595601683448;3.7734037369626536;0.11455630893463503;10.633541824056932;38.660356618927146;0.9989286386284122;3.368525828932013;0.5785796899334462;10.250254102133882;6
6.543054898192559;0.4768838154371769;0.24894561354697342;2.01204076935257;0.26884299659273336;14.734910654379318;101.33897087556251;0.9957048573470493;3.3523000813831767;0.4368019543394489;9.593689214154981;4
9.552540218300875;0.7056470094820476;0.19623381983090768;1.6492436718672938;0.16223501316429398;13.429782729713878;27.08957901720027;1.0004233995657161;3.36645828428338;0.6456288839329866;10.001439364909778;4
8.744213241961885;0.6953217999096345;0.2593751147807795;1.919667241754928;0.08918594923678616;7.326002906141906;28.72203923499997;0.9972951592180179;3.350791088641081;0.779530372685064;9.859656480035722;5
7.338503182518093;0.3057708722396508;0.3342119303641025;2.99852680239366;0.09198607314798378;19.309044127318135;63.79473489645043;0.9947184363025634;3.3022122461835908;0.5471176855596943;11.202889389484376;5
6.092270346312644;0.5398881399799728;0.43934770050525357;4.616727509537152;0.07719562164071297;12.868211808246025;13.455134564017287;0.9974011988923209;3.5366924686166112;0.5208647205367176;10.79105733341579;5
9.838075751207452;0.40227562614514895;0.2708036732088888;1.6036748090000275;0.0319449958233891;7.317779161278228;17.473992103007916;0.9959723014924815;3.1131009158801084;0.9385520734847347;11.165530913104302;7
9.45135004964807;0.3034691160784398;0.3875883966243992;2.337613664996499;0.07941400760960998;50.90827543275722;76.36886283763131;0.997524730125648;3.4632187156023067;0.44522436694804934;9.178439563972837;5
8.147433997023874;0.49093693092361335;0.5812883491314788;2.6464526635431858;0.1474105950250611;17.6407254548227;17.94332085319356;0.9966185731294454;3.4333513448031328;0.3784301850163846;11.951971948137954;7
11.53314837312294;0.47447309807795246;0.3424488263303091;1.3276589419926272;0.05764571835722899;12.0853859521139;11.872488598826287;0.9968411200113613;3.4147598681994102;0.4771913921318578;9.963131002487764;5
6.4580525065924945;0.966808967542194;0.3292140426409079;2.2443965270555934;0.09741410280973412;31.002546056404505;124.91817799899452;0.9949679725844863;3.477546914146019;0.43254993436177364;9.242982192980111;4
5.665586202590955;0.6079327685649253;0.0;1.0389587942033243;0.12236225211591827;40.05710901013019;15.57411737106579;0.9985811163383611;3.296110090709741;0.7048679279708657;9.95003699164066;5
7.116079958406635;0.2820288498642373;0.0;0.9;0.04908315271443193;12.142948597931923;42.63431853213528;0.9945033580024131;3.0296538886259685;0.5832993430123453;13.077629612068634;6
8.240680331541434;0.4283406792492304;0.343791388553732;2.6856792639132907;0.06225568769485041;16.325182408669193;39.61643233989857;0.9945933466987306;3.299156101042827;0.604524050565231;10.005142952854023;6
8.743410641821484;0.7138489931772918;0.2519833960566343;1.820112904207054;0.046403859833845186;7.320092290125093;6.305316109284929;0.9973979846633803;3.161320867356317;0.8560536253533672;10.07214677552611;6
7.9002492593299865;0.9059196991165865;0.17219129176619904;2.4662370739791855;0.05136231625936984;12.129511796289668;31.962074421121372;0.9997454040696382;3.2002211185212905;0.5364117571854518;10.214447991726246;4
8.932576389934876;0.24452300379716754;0.3162707387954055;2.2002700332243945;0.04034663538924719;11.757446008728898;50.467698137868965;0.9960300731155777;3.123637048925138;0.7778767305243964;10.260976189728343;6
6.142321401908627;0.19161361067497193;0.25852329145258746;1.3388378730022317;0.0493187310578408;14.80646068882371;47.52594740554484;0.9980318474131376;3.2383982712334247;0.9374531695049141;9.583820609592658;6
10.832150411087472;0.8667737315669208;0.48427824762044075;2.169290568219775;0.16426888075594373;16.18228902548386;67.47693639713347;0.9987393463360408;3.220506445902483;0.5694285723649973;10.57323799903056;5
8.177056949596931;0.6001305519267627;0.2863610649692058;1.1720539838677686;0.048935812812257444;18.546887069577842;29.602358965811433;0.9982479004308588;2.953364525510935;0.7704078724041563;11.570886551772213;5
10.264094746963343;0.37370730826225407;0.12808457583666819;4.566622605541879;0.08400714153727278;15.283692971050284;59.732610772239354;0.9961087042505701;3.4150332866923434;0.6011427187939932;10.756289567562217;6
8.916342102697206;0.6262332355020384;0.45813158540226495;1.0997431569443297;0.0606127728001797;6.403456905377116;24.415528434078926;0.9946270112373313;3.6430482787007326;0.8078160766701177;9.231053130177015;7
9.114750601327584;0.12;0.22874509576022153;2.0064808190125;0.14499866853842552;7.541157877937887;15.409503180106226;0.9925056596252244;3.4009355790244435;0.42915857796243706;10.051549881720932;6
9.311395067604035;0.530607591187489;0.37004196989773835;1.2939011407544583;0.15529694546745487;9.543494557434185;16.55908938141746;0.9962006030510215;3.279561406519866;0.4211821134380797;9.829865681891256;6
9.099012894430128;0.5890078111117554;0.17929196582336793;2.984687678393664;0.12315676181640764;11.184481553102607;14.909901217600812;0.9989383660002682;3.301788040648568;0.5787984083072463;10.476645231011236;5
9.438337602169527;0.6963686251168094;0.14653289175548712;1.870263086676841;0.0922118880661379;24.90778464065284;72.20269511069728;0.9945640846289524;3.2468521197980236;0.5102101983250077;11.84358328857168;6
10.632725402430431;0.34749872858734326;0.2859919637352823;1.6972986711165658;0.06978907143422668;6.589980863729423;14.418949220821052;0.9980303987102856;3.3235062375800437;0.5606860133398779;10.260695408257655;6
8.661946835280558;0.5454236890526046;0.2724374422733002;3.4558060652639684;0.04240040623107568;10.69070806413324;45.15254607874355;0.9948947101929014;3.304448785889015;0.6045486366495681;10.325674290308681;6
9.553666538204011;0.36342356730927433;0.36116713671969825;2.254905789912299;0.2155754975098655;23.48729412577344;31.990498527251297;0.996901537895135;3.183842735440256;0.7670937758378018;12.32207995613679;6
8.163859891940225;0.5759690760213771;0.21895730687114892;2.90264815800848;0.05305430773637448;11.066626332857313;35.50389624011983;0.9980448040668946;3.5624332583421747;0.5763986170949382;11.357540411088676;6
10.825803954882083;0.3688376619746557;0.0;1.3354241656342971;0.11099773936438452;17.471855391063656;90.50598341795582;0.995446958670007;3.0869268646435346;0.5186935114570105;11.034266971853992;7
7.143077394416871;0.45654184895116035;0.18777296211820615;1.0722510612362255;0.13629890876208584;12.185378441037475;28.655527338653446;0.9970239208933241;3.417749731479137;0.5846597198534706;12.5152008283729;6
11.45363635326482;0.3507532289377588;0.42082550875732505;2.34765975403323;0.0589873309288574;15.46041558005675;56.00725724223598;0.995911326460222;3.2948203559023703;0.5259367606564329;10.944098042629594;6
8.250125165878842;0.6472045235282583;0.2134985449438098;1.8825019658206015;0.13478379948176772;11.551578830568001;38.82741452711688;0.9980397824519825;3.5951247722598616;0.5044138535927915;8.4;4
5.830451322314596;0.6845212009981998;0.2231871535222359;3.0726058953231683;0.11694082887609951;19.780806349387092;34.402663676463185;0.9971471026201209;3.361129689887233;0.4246652866156638;11.310952360931985;7
8.542901681944773;0.48776829740766553;0.45741153612212804;2.130676394188791;0.19277236019382274;5.238514633836914;164.51600267524822;0.9968073645814156;3.256014169422513;0.6504929865464636;8.716550950883045;5
7.134970115993708;0.5368828390928051;0.1347250868208047;2.4698121776515927;0.061675805496315926;10.652909509181734;15.108843304925909;0.9996608649242698;3.2728439202348256;0.5533454517065599;10.903645744383219;5
9.78271977524038;0.2692535453659621;0.0;0.957414483199264;0.040383088674550774;15.834352277600871;86.30480434617293;0.9979583816704998;3.3159860041779643;0.8164985221740982;8.586294375681714;5
7.18443427601384;0.47605820335877835;0.2394800872901561;5.909740791101266;0.060530434037450835;18.258039269424515;57.63189258779671;0.9953883314543601;3.1385813957505397;0.4428707452754045;9.920464710872086;5
7.543640826206284;0.520963168932486;0.17800694926274;2.039553151900144;0.0876748428168899;32.48464215906001;27.913699563392417;0.9965368585884843;3.1949695712323134;0.5570917183813038;10.030750553317437;6
5.032199128154776;1.0017427563853956;0.08641319924688175;3.1880299174538984;0.08108567316603377;10.477057873770569;107.23197743026881;0.9965557923083487;3.0422584046212213;1.0119187227855728;9.595972555262025;5
7.532987004506607;0.3298459353606506;0.23667809337924875;1.4398250403283175;0.06415237581594199;32.22286780759557;11.654334215926964;0.996852607187988;3.171553465243886;0.5036979227023104;10.046728363005416;6
4.6;0.7935519029754388;0.36338607297688896;2.6051531721591514;0.029227906289850315;8.91931079302182;27.171230273203484;1.0014965676255543;3.3240859722490677;0.6019484287827511;11.524841040785791;5
5.564009087134842;0.7094345792238455;0.26823517330211505;1.1304443808776707;0.10041655971387779;29.43191542553648;17.52963039011862;0.9974046185961509;3.3550262573926783;0.4696393027354787;9.656070383989277;4
9.643121501691077;0.5805145528082246;0.3283264038103852;2.807107060695053;0.21882146642885553;21.65092839232089;49.311020649314315;0.9928317851168009;3.0131005457505395;0.4541200517177585;11.003300741076279;6
9.687292276052448;0.8465516871551241;0.6145474627179304;1.8466238141738938;0.10009253189710961;7.655288291158803;18.63029529430286;0.9956686819537378;3.28941824454337;0.946043005205559;9.386754885620189;6
9.060296157505839;0.5969789850692353;0.20485301630406283;2.25462522108943;0.10790359702363714;15.934209512630558;49.97572918671809;0.993028493033758;3.39451149262332;0.6674545513864835;10.217235453260422;5
6.63746151095517;0.6000486552202272;0.3228862405824872;3.1886695227472712;0.10586970164900797;12.849133725315621;33.65523200281003;0.9960733833116129;3.285563170993565;0.6611642015066257;10.766508014970372;6
8.236982240312955;0.5204382824568419;0.17324946110616446;1.1723948131124593;0.09666389278071538;19.294060324313662;27.916746968479792;0.9929241105635198;3.21493170313333;0.41579361353587524;9.353714594218141;5
8.313731581982411;0.7502423988353529;0.10919165322147517;1.5575179131891432;0.12755098588909153;11.587720849360679;48.57895728844756;0.99504397810497;3.248175828242768;0.6999748764179474;9.016459136785562;5
6.304445440804977;0.7273644620859591;0.15886754585062374;2.814764978109097;0.0965800555537933;11.017754589231771;31.935473737859052;0.9938106290936952;3.2288854967534166;0.8570278781697301;10.94630962111941;6
10.935913045074843;0.4173780882506818;0.17903587141087915;6.5885282906544935;0.06689652769063872;30.155706134018722;18.923034523793874;0.9974299043381383;3.2144904161337915;0.8553038729278811;11.621696027294483;6
9.846610385601668;0.2925355049722219;0.3383004015339539;2.067393998827995;0.052064383746197;12.487838944410015;226.5593358467634;0.9967010247889949;3.336073528786727;0.7571115930688915;10.335400429148512;6
7.935522337536385;0.49346348526878175;0.716324399473144;3.0169046072494092;0.0691436625754561;21.767697946609207;27.777887775064325;0.9972756283842477;3.6561532341603176;0.4800318913381266;9.930675189984326;5
8.366781359850483;0.3859930584084237;0.13395174710759036;2.1009994261473333;0.09259504001549664;11.573253867214111;9.206056945720636;0.9965013523617199;3.1984450124642225;0.691928443565197;10.586572664826575;7
8.682586085828742;0.5185655765692361;0.19084119193306215;6.076872374182772;0.06677846677743288;36.05710112713479;22.147415950417876;0.9940508342746116;3.262278605100786;0.7569680210743169;10.479363513078956;6
4.767381328941735;0.7527388642431451;0.25800662750886283;0.9;0.09260508648176353;8.81645592591278;16.884053771327576;0.997675690601584;3.302245309093715;0.405580181033431;10.67990571856104;5
7.889911354414162;0.44768570208437786;0.3452017812548519;2.332394404055463;0.09879792278271507;9.1630150540649;64.22577513704586;1.000352226664512;3.206896834846256;0.48103130610644035;8.4;5
7.13334740848383;0.5222917913639166;0.32007465427140913;0.956342517818176;0.12119937062585101;33.10638466785714;46.54567563185311;0.9974775038993525;3.474735370528514;0.8004909191499927;9.27605840845242;5
6.577181182782847;0.5404440922655112;0.5139782008501423;0.9;0.15302886479730898;10.14317147848946;48.892028125696676;0.9958907432612967;2.954367194004034;0.7980374378729236;9.515603787182567;5
7.830885490378439;0.6827175587969513;0.0;2.590950218955183;0.08192241619100471;34.664250603671114;29.934234139626124;0.9939866723653997;3.2303411244431985;0.43165733734641865;10.581428362507372;6
11.447974556718169;0.1255599198827711;0.0;2.3872791732836336;0.03992674195142511;22.640028428637226;31.717556108437478;0.9949746727555561;3.432747060447994;0.7818163414035837;10.618889335475824;6
9.435066578604598;0.4207939469422467;0.17578314731807165;1.9159781427667255;0.06578087111090342;12.075306454067418;29.916880362801788;0.997560775347487;3.265885853741705;0.6547647086764071;11.100713122891918;7
7.326148557777934;0.5680310646103051;0.4784870356333047;2.1018460972345703;0.08049277399319088;4.459006011301101;35.99339340967622;0.9987389242509188;3.1868741561724563;0.7790446636307414;10.695612471655167;5
9.316294039559716;0.746014212156835;0.0;11.063536378962434;0.030362466361193254;13.097837330861623;64.60348358838104;0.9971956457319718;3.376113513165815;0.5441916543830649;9.02821347468555;4
10.754878459659643;0.4414575594488831;0.0;1.9426376510154704;0.16166640772963034;14.084751249804196;46.976092017623735;0.9982197858504414;3.445951485309573;0.7526823896376552;11.968294940816014;6
9.928862608268219;0.1922205129124627;0.37852408718164965;2.8928559172099586;0.08470358468602766;26.71219498007184;52.160655312102044;0.9980445886636518;3.341595316782259;0.7915476621051061;11.780952584661932;8
8.423756843661103;0.6415480602739045;0.31629487250351573;1.5861333495462826;0.09588029152845662;34.402341846780885;52.14221894335018;0.9976624153436333;3.1898169460280674;0.5846861622961467;9.07372889967119;4
7.194330006792302;0.41563477001138677;0.06286040270810836;2.5879580960679167;0.15973794406130545;8.781297921373147;66.6603285890619;0.9954489001690037;3.3784304978727615;0.6420207625070177;10.775994664980376;6
9.534908565687648;0.315860001363735;0.08274747586302332;1.9628195990973967;0.05674093515338262;21.440181550066608;45.56101994083732;0.9970304546727529;3.2496926049587818;0.5422640748619982;9.782895907789973;6
9.004664570633844;0.4176178298516197;0.08574869326941187;1.7951516480438736;0.10595740625186448;20.984338618279974;47.66381161918216;0.995088082172624;3.4217780322840743;0.9713919136282707;10.568584468444586;6
9.877636202848254;0.4967854356219471;0.2910017103200486;5.700542280592249;0.07431661209501185;25.24877842161572;80.95203793978224;0.9967331150106205;3.5324888327284887;0.6199496503302822;11.547041999216802;6
9.425198934926627;0.42114596038312174;0.1510000975252287;4.087654151695839;0.07151015345835834;17.878164716581036;24.796859124532077;0.9973286407090272;2.91916348664672;0.5059479026215667;12.699211564963425;6
10.146221724655643;0.13299810972216758;0.3638721446053488;2.3838776320924713;0.052710938046120114;4.126054053744171;21.95540199030202;0.9998896892340351;3.326660120979345;0.5330924172023065;11.223867144502593;6
7.388690731884612;0.6914719154396838;0.0;0.9;0.18663729778450486;12.069703303326973;17.783853365287513;0.9942115092487015;3.049639909457856;0.6600075844068087;10.735580166567845;5
10.612265674203726;0.7594775074301701;0.10719814562571812;1.8418110855408574;0.06475199160561944;6.618666215344985;42.60154820153977;0.9976148644988835;3.6762682877994655;0.7735988288850852;10.056391349910122;5
8.663823312164777;0.647273958441111;0.05604974742690042;9.014113279566335;0.11307898044741452;11.732450707150097;11.612592495818664;0.9995143495240849;3.2397813199305716;0.45557266864676726;10.614884311981958;5
11.930953918367962;0.32521657932353304;0.2212952711092265;1.9705377271195506;0.029750810297163238;23.871219741139516;50.91222052552731;0.9981418107550938;3.421955986273806;1.0208711842906215;11.874955925861295;7
7.120813196524153;0.4937315238894468;0.1677709258868737;3.9339149951052628;0.14508311484564318;15.91614659188199;35.35591446999846;0.9982825963413676;3.3047024710607658;0.6911488174268445;10.372161630267243;5
11.340577017507535;0.5288261632586976;0.42159031818019566;4.688866498643877;0.13578001240165266;26.40707504735816;78.20139099146475;0.9978166203135489;3.189537312892141;0.7193476512286806;9.471859463058014;5
8.664364763225008;0.6377829901211438;0.0;2.48765459615321;0.08275199820440635;16.269938399541832;24.688353938685786;0.9991668355305733;3.171692042923386;0.6235871375136547;8.68693184389721;4
7.18653267371086;0.6503012879692546;0.2786433805028429;1.435555464161481;0.069938250374614;6.075307044673885;33.294573106117106;0.9946337914805865;3.547851875965114;0.6422659349113655;10.968961218128968;6
7.478038648745481;0.3978487162198708;0.3760839204102241;0.9;0.0968120687481633;2.9152210480695384;77.58316589757828;0.9940667393346566;3.453390709026747;0.6155639334954869;10.684598294421681;7
7.762595683741883;0.5447592001544409;0.6227630129467714;3.165926736631771;0.2578501450067565;14.48958107270417;91.64102822688899;0.9966879651331161;3.6015376131066343;0.8272295046798485;9.728878254609343;5
9.058048746739335;0.6123104728307435;0.17846446549223974;1.4558348957554217;0.031526403046836675;11.65294551138068;24.558940645327937;0.9925937920032137;3.318318000273655;0.6378554860492264;11.51783511450681;7
9.22973374918177;0.792048017986418;0.3316471348269783;2.4330625968603554;0.11802627415852306;7.368868640236605;42.570745692162454;0.9990382270279382;3.3531879431869003;0.7762933909431495;9.968698755105235;5
7.321761993146873;0.6568111771684502;0.0;1.16194176212574;0.049033871520392854;4.771195777050257;45.743668958311126;0.9990193588714413;3.269921265151707;0.5725856722483401;10.275930821747469;5
8.27762300946589;0.6720302037275934;0.0;1.9355399497577896;0.07786559316187912;8.522750282609607;48.116314495535214;0.9958766339453394;3.266937669532749;0.671629228856439;10.4021693773712;5
12.047550423984642;0.545088793027285;0.430507131398523;2.2599232146115584;0.06918288881951574;11.789770857375276;32.05893710027143;0.995995535866345;3.1537169601283948;0.5213216493125926;10.044480565912245;6
11.325925115975238;0.7838826461366307;0.2689435442068666;2.552472795206734;0.06300226582827606;19.766700909523806;85.87907193737902;0.9965625397972138;3.3226015286386525;0.8699632481177898;10.67237562035204;6
9.079203185232815;0.6037573032727096;0.49391741106170034;1.2461514468848074;0.07824829507144745;14.8403297297395;11.349038208575424;0.9967988392358353;3.1916130107670706;0.5173955028520537;11.652121206148312;6
8.386126052012669;0.37500417616875736;0.009053451095747718;4.129659329684628;0.04368852384704514;34.81015335376305;28.973612072800965;0.9969416304464692;3.3762863383246304;0.5886048299399345;9.197544369013288;5
8.528854508489776;0.7826065946225343;0.368781406510463;1.6298591391599233;0.1341678076524146;7.113767894340719;50.45215924860559;0.9977606410030688;3.3355015328470317;0.5901013904873251;10.942716548167189;6
9.387521272550925;0.655622589057025;0.6250753897033321;0.9323971506138357;0.031025076703245856;22.49388890911521;50.75230746565157;0.9963720099292839;3.353152306551358;0.5842985613552825;10.604209776478893;6
6.540340936554775;0.45025207619687324;0.3497440655878805;2.0987662146388484;0.10409036989899265;13.63253950139246;89.88153580089644;0.9984920672766079;3.561269490953534;0.7675765251015209;10.584527297612835;5
7.87216482488338;0.44369126586813623;0.3225504860622993;2.2606920044437433;0.06641741938760254;20.11149946026295;81.4401354413598;0.9975473007765381;3.3043423075351614;0.5898475865210686;11.352873689765277;6
5.416663711452994;0.5833835981253371;0.27162565535662647;2.4135187871005344;0.04286361809442014;10.194669388793029;31.59247541092799;0.995546769452842;3.4235090504280143;0.9099704728555192;10.472748244982359;7
9.014648233333187;0.6133732631481652;0.0;4.498871558595742;0.0873811249552884;25.222520876310604;86.8983655049748;0.9992367140688279;3.617726419612837;0.5194020849902629;10.933845310239102;5
9.446120935082769;0.5655126078136172;0.5275588577849661;1.964636152614482;0.03508640914964313;15.821537900080004;24.033472817265363;0.9941193117263674;3.505992560394257;0.6671734516937704;11.185975153641127;5
7.47925555559909;0.5860355612197193;0.1539370484370375;2.0872717052395875;0.08031143163759501;8.810578045743739;68.6658132892619;0.9965248849594392;3.482975454768227;0.5250523055925486;9.88032923559275;5
11.058736968124657;0.8359923274237485;0.3658518187127732;1.253690562593647;0.037613025216565545;13.155347265462929;120.37838428696215;0.9985371430620434;3.2639967676719253;0.7111028131819426;10.740126303070765;5
6.187167746375927;0.7228777674022795;0.0;3.397822437145779;0.09993799679462471;11.474935265700738;82.31375299786689;0.995326161100667;3.3444464583351694;0.6365600672988463;10.151657260284624;4
5.771987708434914;0.5643144064277044;0.04590266374352174;2.443372536915598;0.04871094724812146;17.7763186620439;40.5549037754606;0.9972881557288577;3.112258556195509;0.6145072303829865;10.278030495699712;5
8.710546164294351;0.6994359045381471;0.5426666058522248;1.786326023832294;0.06226566069133589;6.523670146951885;30.67383898173891;0.9977323452342982;3.384837160144662;0.8637996473612026;10.075394305768185;6
10.141951046545149;0.3441456973650429;0.20401256509800986;0.9;0.09163097016316525;13.019141978172751;14.290529163105248;0.9950650046508357;3.351169026642076;0.5414647473729463;10.924056032383668;6
11.250034183136691;0.6016268689904256;0.5461223404480835;4.694872348523731;0.05270137811283162;16.80178365008842;46.216723046688365;0.9965622923327714;3.313507768773427;0.7415731620840487;10.507359838649531;5
7.521541382608045;0.8556751429519598;0.2551361747788816;1.175351847008471;0.07634420380620725;13.516149678774077;18.604712264667832;0.9964026427226025;3.464079218236429;0.5259614704802904;10.842162116718841;5
10.196904650170454;0.49075173882937273;0.0;1.6346107127103484;0.035879927469833914;29.75711105112581;22.850430813208657;0.9956516980815187;3.1288337766363408;0.6576555896088772;10.401256421701548;5
8.25299526306877;0.37742589284856476;0.43949284394902693;2.6740097090251904;0.10912713055780097;21.093273745312192;17.729184015098234;1.0010731822188965;3.555229427674052;0.47205809478113453;8.703590516656751;5
8.019628498102975;0.4126240000532491;0.15792045962643453;1.194464071613961;0.1965022404705658;13.191294820353386;28.25663153717488;0.9952500979284536;3.4452647031910426;0.5403439789063577;10.453564205226687;5
9.85756829122681;0.3338660532783701;0.40275087456823827;1.0240774226850282;0.3347796687233605;15.092546846184145;37.2370093824412;0.998609367558729;3.299404903052204;0.6259697539936419;10.487985612017795;5
9.45504180843935;0.3887428565370134;0.27479006483261564;0.9;0.08248350772828542;15.8257272865885;45.14032200398746;0.9959536780679259;3.287690561827391;1.0123655807971355;10.679577652754203;6
5.577077646847406;0.4633085422537948;0.0;3.2269459750012457;0.11840498068464483;16.88263405683862;25.83955259483131;0.994635391241118;3.3820916822872893;0.6556781509709362;9.784709762756256;6
10.889180208523058;0.2769979365478445;0.30121600542040816;1.6741294806204283;0.031243355434894496;4.426013664437024;75.00665461108649;0.9968953470619947;3.538127684809567;0.9721380295805001;9.140847403167902;6
10.721358956216566;0.5328113001109286;0.6872823970090318;10.125053224926441;0.17151941011110655;11.055672068566153;33.19089256455008;0.9979332774303363;3.3252411578035015;0.6758440166056893;11.088329110036877;6
7.231520899373419;0.6924098912815965;0.36366742711774724;1.3264367022328187;0.11767183790725244;5.4327572437921905;22.92949538463327;0.9984489681926249;3.331604635296884;0.5794124353300959;10.12724098450844;6
9.008698148181091;0.3666038875735544;0.259071626928962;1.3775150602569612;0.061210962366418646;28.554897671309696;43.797402536705356;0.9996683037102446;3.312717771643881;0.9441376450048065;10.603231131022945;6
9.179612524131965;0.8034711062555184;0.4743152463718106;1.6566880996852702;0.14945108079760175;12.775152782573985;132.72839518908825;1.0022959679508767;3.577303616905221;0.7140004523914298;10.118837714519524;5
8.773572352533598;0.621942575934967;0.3100270083885911;2.519014243227526;0.06894662243931358;11.797920991484972;46.94867254643636;0.9971759769871357;3.2546675345594465;0.5430618012068048;10.413513846422253;5
7.36246903230897;0.7155045054123303;0.30981150374993094;1.74047102213338;0.062039012452857874;22.707532546110066;30.071464545591493;0.9954401248697318;3.305573860207139;0.7200983742160519;9.939264677708685;6
7.151375339787791;0.41158978030661536;0.06259121728977052;3.050229838855843;0.10066956778057265;17.076661179225283;14.300838276997098;0.9975604612209104;3.529515348139149;0.5934559314248176;9.384150559605404;5
8.275535916474885;0.6838145408719909;0.31443112490002373;1.3373202467487848;0.04532297010893651;6.727172043089027;32.954344428335304;0.9961941953942277;3.3320516250419296;0.38606258582415864;10.926892877022462;6
10.360548493511295;0.33345189792884367;0.4667342491192195;1.0852360311175362;0.13364307418115143;12.698225019795862;44.03945648735973;0.9984593356467193;3.4805588290068283;0.8102510495716941;9.77466150559805;6
9.265864268994312;0.6902445501505716;0.11114819110099529;0.9;0.04549641855622044;10.834526076643256;29.60066670125762;0.9942353878369051;3.173307991464556;0.8435615419770467;10.595428084557447;6
7.675131062170176;0.5609310811628356;0.5406542060369202;0.9;0.04563667930534069;4.647018220380658;13.095840605658815;1.001199835630561;3.279206121755723;1.0183598467300763;10.859192437435222;6
9.66275575652812;0.6295852195972611;0.2525758554124261;1.6978245393585774;0.049082914718776585;8.753445914642024;22.028065136732057;0.9983264913800735;3.5326651057660343;0.7113138768207793;9.792110394304702;5
4.6;0.3183929709875267;0.10132379280767728;1.9000143035735166;0.1166553222386334;11.867575250085647;95.91369658692238;0.9935003923661874;3.208549042635468;0.6000915156748333;9.131842371220905;7
10.31885231864746;0.3688874283902112;0.45955009461484647;1.6009398960065508;0.0571356832265379;12.366695164385526;94.6647461066823;0.9953528450856016;3.2873051440345438;0.7897763134295758;13.015911606822767;7
5.292898024926107;0.6375010792856093;0.21550909520972886;4.230382718366593;0.03910252063751729;5.439965775714973;21.52671711441596;0.9982505539838166;3.348502784633722;0.7927505972237636;9.855284092738394;5
7.68935276195855;0.3592973592396439;0.4143078286223605;4.196805080494745;0.05746541977070024;26.463834429555536;58.23641913466738;0.9989350537067258;3.161626822301052;0.9681087952732048;11.08705635970324;7
6.37177438335051;0.6133771325778422;0.21456585987087795;1.8669977386886796;0.07737750989715171;12.462496390537055;17.867456578287186;0.9942827485082593;3.2479284822067154;0.6319500505305938;12.495225998040032;6
6.067254232245625;0.2839151948371558;0.2586330327293183;0.9;0.04264083221637863;13.552973550042573;92.88820651263849;0.9980547491158226;3.326895502273846;0.6128714296406921;11.265201289133666;6
10.339838610038624;0.6826713582800003;0.3637764388235154;1.655561834742892;0.04329356656458204;16.8557030620127;44.33012296352009;0.9930000542419424;3.317002260124294;0.5331304519473601;10.09852619455452;5
7.506199909717309;0.3081458033416684;0.3252704409421011;1.6273888174560895;0.23517325531783703;8.254062397387113;69.49261197246396;0.996530261855605;3.5020528031255704;0.7324106090057547;10.348185465337432;6
8.922916754211446;0.6294139887823142;0.0;1.5797586085941395;0.05034951537122936;17.429304318132004;12.68690380267911;0.9988128889999961;3.541218579224838;0.43169249736599724;9.529110274879432;5
8.23835819275022;0.6426135680562802;0.05696368938206554;1.5468769645700078;0.06653786812351377;10.62886148513549;58.418087786706955;0.9956521201128044;3.1815872691998632;0.7780735067001103;11.363415176844784;6
9.15005103936823;0.40458107268267657;0.446587897110255;1.582768027538001;0.06503008578359629;7.73326534413385;37.72246329531447;0.9938368476316378;3.3266902778751235;0.7418212936465169;11.025909657622796;7
8.453670090444845;0.6347647820752509;0.24489404810870605;1.817598883481885;0.06323014684264763;18.699223779543694;65.29136368240552;0.9969778081131174;3.411137246263715;0.7413016294439305;9.869564374459936;5
6.0875935299118895;0.5768796074000401;0.17049105247342988;1.5975381948102299;0.108589146816951;32.459701316727674;67.96736439946923;0.9955510341533926;3.53745211986988;0.6619264915343276;9.304872956404663;5
10.053504265838024;0.4330084658853071;0.011870937101079889;2.4739722646617706;0.1286456642579357;20.479144247461154;39.533072053810024;0.9978961608955251;3.4177735445975697;0.9426126066674283;9.00627990069985;5
7.460863545299317;0.34846015686628257;0.06485009895758882;2.6768165209292403;0.06713018272091731;23.06742432533063;25.834226502533554;0.9950178797787858;3.3536370102388497;0.7972182259839375;11.475569984070495;6
5.611547496332033;0.1767273754989358;0.0;1.3852515420687364;0.04143080283764074;9.692401780250876;62.34978958808263;0.9952319899096591;3.4099813797973946;0.5479900995460815;10.54879924798245;5
7.575079619919313;0.5929370085139449;0.25075666344670877;4.291464136444901;0.15236720647431662;5.07571148444802;36.47993645537623;0.9928600955903352;3.411065325150439;0.5504815901866754;10.650033453876043;6
10.931322035703701;0.2483355011548301;0.1562968596896011;1.3362990507538233;0.07487849762656971;32.42976213128999;21.717896971795746;0.9970228949509978;3.170842856157345;0.511407876236762;9.539444970327278;6
9.799385831277478;0.5471619558994355;0.08634830071279014;0.9601883123211938;0.1930082550063801;45.515841717403454;21.071187322604693;0.9963942806172745;3.3389198188759406;0.7349807438204946;8.854051679464286;6
7.713345286130325;0.4825793211051952;0.2570565492180889;2.7052817648939227;0.02454869363761761;33.472074451465254;14.76733981294102;0.9944420691255939;3.5288741491283036;0.49602955893617334;11.449996524941447;6
7.712291594485934;0.6522456995788752;0.3391544198620203;1.45383514077199;0.08706535959672622;10.830498857791769;27.370955591505293;0.9970682175561575;3.2788964846958994;0.8410974741596633;10.464981769587038;6
7.760355010881755;0.4756318100918245;0.6677076071198895;2.623147941765916;0.21280692408605856;6.622934124740344;76.62307302024126;0.9986514335712239;3.3294169963821165;0.8937530684722028;11.390741086261654;6
11.933541491395863;0.4706993984575236;0.0;0.9;0.06550306539368017;6.986402863919417;42.463524813427306;0.996290420907504;3.2736225325710966;0.5114931120124268;10.007051554628346;6
8.984567686882903;0.6617367267718932;0.49028239822709924;4.570135314205624;0.06999083117592879;4.819858011282643;27.03283895380057;0.9972095172046618;2.962921075658969;0.6097773426225126;10.166604907950562;5
9.068272466112461;0.5903104452351412;0.4548892965928637;3.146509960022143;0.09170524671108554;12.42306926616789;63.359028132085;0.9972192913742118;3.313088526585202;0.6418366601191754;11.183229048984076;5
10.112693210015406;0.5869080722929001;0.12197237951842692;1.0203863845663488;0.05887988349887708;34.76023359629345;22.28383864581658;0.9944117733283601;3.355268789597931;0.7996444929161785;11.203612445226062;6
8.735493136706134;0.6144681661655348;0.30861483137134593;1.0319269040242582;0.0669175299327244;12.169867848749272;40.286101236868106;1.0006075130593444;3.233125991367865;0.9610343672944519;11.27339521627397;5
7.869266666271977;0.253597017822721;0.1830496826258531;5.283368777629481;0.0660300188237337;15.88913513128525;33.801736793580815;0.9958053853227677;3.136804457667291;0.4169358296868196;10.104134659180115;5
7.978351262592138;0.6662219623976567;0.30528083027956043;1.5154044453308566;0.05682109825330575;30.27371094790055;62.32728901014047;0.9979466207835346;3.1779090310327525;0.5896199533107529;11.07756554428643;5
8.195413808619529;0.6402443829224485;0.5567348925468646;1.4412486876640551;0.148807245113252;10.395128026715094;13.85375813292181;0.9981615090267352;3.424628142420335;0.5974670769948158;11.606736428060088;6
8.255233308472876;0.3469970368562305;0.3850651841999495;0.9;0.09992793918035973;44.99981383911682;22.033234242349764;0.9964347692584801;3.605878715957036;0.4481467498002706;10.307893947500759;6
9.586075405928344;0.4860655147386438;0.366635590914354;1.8516033674165042;0.08959514457520662;43.84096323274038;13.324639726807497;0.9978529105476134;3.517365001135815;0.565194468360124;9.870567450761763;6
8.410385841304702;0.5229246882270264;0.18824122920861797;1.9735447329030458;0.11966233584756951;12.247238786324223;32.11994476491796;0.9971670565214512;3.108348099275417;0.7123287367262967;11.856739935548939;6
9.594793734355108;0.5057905788076882;0.0;3.217754027597474;0.06859423935106954;9.366729768192194;82.12922192576545;0.9940064844612679;3.4381940965826057;0.5955527333722153;9.7197430651001;6
8.179553150611067;0.5900947939823362;0.23039103999732252;1.0754448787577435;0.05265597797398213;20.142555060707018;27.45570214829498;0.9960686818676249;3.2105256436286065;0.43209099803599116;11.09353985191249;6
8.456825231149997;0.7876460207296131;0.4992555494241439;1.0099633330467648;0.057556563928129315;10.754403363528416;27.364095271564736;0.9955361532855274;3.2226599406236835;1.324193682973725;10.357488127743748;7
4.843130808914133;0.7247180109811092;0.0;2.805499583261461;0.07874694326964692;6.615297363651101;66.12145564408799;0.9958226844214424;3.2407036603043076;0.6837444046343749;8.44952479036152;5
9.914410153982319;0.2938005451823469;0.06953302004642795;3.7420259271986107;0.04542045697404968;28.60567044113231;74.97151939484573;0.9942223939621104;3.4159100424783144;0.6574904156735354;11.62759565220208;6
8.922889948062508;0.6419725982550888;0.293990869884473;0.9836857491328637;0.060694806007995504;27.51384059049779;35.824312921688936;0.9988402240618175;3.4538880064673556;0.483886919191322;8.4;4
10.056537591155795;0.7692079975163737;0.08291559087902016;3.8899120042879205;0.06019773497519978;14.54803298878889;58.68256296065756;0.9997437860437656;3.2952953393080318;0.6827968409584895;8.4;4
4.6;0.5996255337240565;0.11942054504810962;2.264405216971558;0.23679614973795243;6.20609392201667;19.064622236269138;0.998558205654397;3.2978393888487965;0.6130835245930581;10.984243185044319;5
11.953771986318467;0.726376476533474;0.18951626947164638;3.910715427180549;0.018665868869870022;6.331618655816636;91.33966098496155;0.9991140055258796;3.379639561485369;0.3960236795516992;10.983966182585583;5
8.077114047009998;0.8922086802261378;0.010532693203871665;2.1414018200321583;0.07167602391201139;14.132199234981382;149.3766512150672;0.9960451938096845;3.3951991809286364;0.4872924476063801;9.737789552071037;5
10.24823810112328;0.7142677182992566;0.08491684921889003;0.9;0.19254553507184144;9.814011873590296;52.867909072438806;0.9954911120135266;3.4864338560137793;0.7817974297122492;10.578169636624471;5
6.510563686801577;0.5748755472155113;0.40365130418958867;2.0525696056299387;0.08380631862993099;10.796030989756627;10.023377609244358;0.9952206846110577;3.1173442036736203;1.0461097262643253;8.4;5
9.386226594808871;0.7181159253352556;0.021599741376116855;3.8470655484519782;0.11628789240069773;24.480465255163708;26.546221091457568;0.9979237233536188;3.3130041009706046;0.701470969385388;11.176463746983542;6
6.487056920077839;0.5560798099574404;0.0;1.397437585359553;0.0828547322304738;20.582110352877876;56.05101662574661;0.9971314198009739;3.149796343616323;0.8453056553999931;10.68720627114735;6
7.234642008389299;0.534302547791292;0.15029525388856008;1.816258532512934;0.0556569698321751;30.32003612972606;28.96708982960173;0.9965532787479631;3.3023586581404896;0.6143992659744228;10.37116214693284;6
11.650414555728208;0.46674543757152814;0.4090715454768707;2.0270216606865956;0.024595464080278216;7.308580238402893;85.37713650753133;0.9991607822339712;3.276073706847886;0.625271579030205;10.442300385887416;5
7.988212622671777;0.8114144045897795;0.232584856480591;0.9;0.08752047196395364;10.782431046887488;55.17549818247643;0.9974693885722492;3.3029875819145946;0.8427163762521659;10.947781968526543;5
8.698333199332717;0.3826828401304398;0.1817295951580325;5.280854728520558;0.0526176823432023;20.90357165382519;24.149806852358978;0.9951065504887109;3.19003856678342;0.9741380450594893;10.389075369857288;6
9.833917851398432;0.8058261904420609;0.27842817152796534;1.391922562678781;0.05194714838314927;17.34286398698428;38.69633899241215;0.9954062732246423;3.0869065310188857;0.8888112429179038;8.414760612077595;6
9.182486485072332;0.6199755422732669;0.0;2.8862829793854026;0.06073491583797259;33.263112651631374;21.428108302467365;0.997995787268583;2.995834370992765;0.48777340945293823;12.7700754909391;5
8.581728894949823;0.2781248885356506;0.3639940742172562;2.123188448896768;0.1944692025386925;17.05833090606947;33.73806084121731;0.9986792924200437;3.290322976860274;0.6283833974679318;11.704856876788442;6
8.955032144291232;0.5961768727384559;0.34285265596669245;4.2616609344062315;0.27384586619544804;40.208814740411185;26.60791094686842;0.9977481924412863;3.2453498341250593;0.6857135861363015;9.045109211708334;4
12.5019431183146;0.15199522862270773;0.192231389921813;2.7409574344239345;0.08805555716607315;18.327506657192572;80.22968683644032;1.0003040886209569;3.208609350279426;0.5984277121340381;10.050703163390049;6
8.219743293161562;0.6425914430295865;0.46112565724131915;1.9661891394396052;0.061822458957542105;25.078815869564206;146.29210080464787;0.9998065136148897;3.5083822694247493;0.7051594506219584;10.167443416533036;6
8.669912341284043;0.6893416669380183;0.05577574119892266;1.3976048485380164;0.042723758288885354;10.910618499133498;15.207066057934421;0.9975379680862165;3.1810842719807035;0.7868966142056935;11.57436903616459;5
10.148138649053244;0.4233759279826304;0.4843027087181782;3.358076237063;0.10031542729489788;13.364898029981521;11.108881506785096;0.9951066967469852;3.5225251123208206;0.8240934277770557;8.4;5
10.243615123346892;0.5522385852720049;0.29935379646309773;0.9;0.19834444502090806;22.901305148435053;32.416995782153506;0.9942110237277096;3.5535765616403885;0.9798562937064887;9.886061157060125;6
10.385432731675062;0.8817483380750516;0.20605500792314707;3.1037455861988144;0.06920225775304677;34.91298319973086;14.383635697370394;0.9959639746844721;3.017364929981593;0.587939605801606;8.536119005628871;5
9.431390586330782;0.43896559323285145;0.2662240092800208;1.256383249531921;0.022907548466743977;20.533431267661392;39.04230980767815;0.9981311055481907;3.3238572188498456;0.4523274360090138;10.114947798063678;6
6.331171451848959;0.33939663432981193;0.24961969449592109;4.2498926505446475;0.11136697961403473;12.605013193412578;61.13772049926063;1.0001706294506927;3.2500455263746013;0.699884972359681;9.914424044399151;5
11.162170866203907;0.7966994124432678;0.5018537503193663;2.41440721863121;0.13115564822058387;30.305331384081917;98.36882650890067;0.9974931493653806;2.8732294082924104;1.0302678963735319;10.505272652099501;6
6.325359016147483;0.883265694295543;0.06543096578050742;3.1009050098975703;0.03456452652152863;3.55187252368706;43.10696745723878;0.9989205733090394;3.093303812039738;0.5663608791227287;9.772784393060174;5
8.846585709515917;0.5306652209326126;0.12512134456214635;2.3171738949422234;0.08621523319438172;5.6395761948151755;33.51122782809914;0.9962339157762432;3.426240416066271;0.7606725501920036;9.61640497121214;5
7.007560020966317;0.7120633463735041;0.46689754949377116;0.9;0.09941864233498005;19.954657374435836;10.724554920244882;0.9978832613379324;3.61287988790669;0.7623901143984665;11.083032660186568;6
8.208399276928192;0.7714656647955586;0.15684836231506677;1.4215564755700933;0.07574694806550224;13.363462360866166;38.546485110692664;0.9982643779760066;3.4454017214048873;0.6709149234786997;10.906499832808562;5
8.892046593928058;0.3963528381430909;0.4411012846930024;3.146666404576586;0.05220547492502962;19.06286147004745;39.67214735477488;0.9929387708758802;3.3585448708769468;0.6402612688242854;11.009996226772719;7
8.879161554883476;0.44264494963378376;0.5928928367716548;2.421119101363817;0.13324943472768347;13.773351137628568;56.9936333833122;0.9959144662754846;3.306800142755337;0.5057677829810446;10.230716903174798;5
9.054142112369396;0.7515574123678523;0.19365894488108962;4.095723129743899;0.06382244052723068;18.671146235966873;24.11880744457615;0.998504430730128;3.562399437197217;0.35846563859082453;9.808239717019047;5
11.127857608162046;0.8333025701675317;0.39945884204930804;2.7370088115258393;0.03641694485155967;8.12457060066408;28.717312041084487;0.9972214898377095;3.632235880293646;0.4821822281144151;10.292827844237776;5
9.109149684634325;0.6313185548313839;0.050798466545426905;1.3455843525908577;0.027176981154216948;18.665992661809817;14.759445620336416;0.9944266214085132;3.221973598071372;0.5789397775480409;10.956243414973244;6
7.895167454594271;0.37163341636963027;0.41339932663288376;1.4700071247199775;0.15129698936379912;24.0787290779145;8.78315974883068;0.992082767486118;3.0100020159534564;0.8440937820586367;8.4;5
9.997511672821743;0.8876710001058994;0.30789055733748577;2.342444979295025;0.10832573855696573;27.58173286506973;18.68467612006799;0.9960050165839263;2.99527188050932;0.6226492696326268;10.841699765496818;6
10.389678650728875;0.43442523839384645;0.3598772736104409;0.9;0.08234695768791178;44.40970990690371;13.914922080865232;0.9965639871835017;3.5082821488239704;0.5603569054812683;10.750777860448233;6
6.183962401661633;0.4696751993891387;0.14734130631327497;5.286589934104735;0.06261279224187673;15.34307146839281;46.99518992298454;0.9950205463953262;3.3029412188838423;0.5099438011902239;10.486501469511728;5
9.359476121538753;0.5916208102081318;0.0;2.792131192030816;0.059796892414130345;15.620286229949224;27.234295718360464;0.9969718613803532;3.337486286568808;0.7549028244532472;10.260234638597307;5
9.540040571620963;0.8097488757286594;0.36561789230240593;4.194640044299212;0.045032842779862706;5.307825370953812;26.887114201964184;0.9976621348197425;3.041402351056493;0.901804345405442;8.4;5
7.802239504153614;0.6837156757794003;0.0;0.9788788390815395;0.06289983304886848;9.6298432896389;20.22450382920236;0.9979743056243798;3.1970216630817303;0.8368539729373767;9.949357008482565;5
10.713729855162219;0.6046757900651439;0.2097034064739184;4.232925433370536;0.026199689994120985;11.799755585223188;6.0;0.9922237540426286;3.2656778779148827;0.7452727131737843;12.33469942085279;7
8.058903278563402;0.6133919354212591;0.44882455461979426;7.059721477277689;0.05370794169223824;24.900982483740755;99.26237513723943;0.9942028583141646;3.341175757504611;0.4397148419391531;10.433804386258087;5
8.538503029040484;0.5378326403558239;0.3064605698158769;1.1199278746049595;0.06695691285293988;9.180325975643537;20.020857215504016;0.996121216968126;3.250211194162936;0.584635882831145;10.091199872618052;5
8.018855025746067;0.6304651126133312;0.6401851025100644;3.3123576238505987;0.10794527138073604;21.377921654867457;29.135121420730588;0.9977871289489713;3.154401070254799;1.0469814831464426;10.43808962928142;6
8.347107542791754;0.12;0.46477073899053695;2.222049676157787;0.07706175734336419;13.237798857382927;14.978745963838776;0.997629544625745;3.192314951109622;0.8493575069261367;10.799606969431968;6
6.412481348802349;0.47661065736743635;0.14575930621814048;0.9974023663078373;0.1188183115270488;11.913083763227178;70.48820016873778;0.9975965529009657;3.491248492892085;0.43287121460256844;11.124937661817727;5
5.814311464285928;0.5734379482850206;0.2751895421717734;2.867122168367083;0.15838572730476713;15.387328629568431;41.54140436707608;0.9959715059102591;3.346717692940525;0.6301965811531266;10.175098225421003;6
11.094438810011452;0.3228174649484888;0.2609995665165572;3.420881348902086;0.13620029750652723;10.476229101669864;22.370921850073294;0.9960774964691111;3.4018235210433327;0.700748282281646;10.874663974561242;5
6.84628725392611;0.5995381972060808;0.0;1.626288353483086;0.10041795814435435;10.240559732932464;29.512976352809314;0.9953161743899988;3.1751689283684006;0.5268689210705187;12.214016358954655;7
6.5949773119460255;0.49319518022249814;0.0913242058679729;4.063850777917484;0.0791596887657339;4.759293025081794;110.62854525106748;0.9981595688434012;2.8669264771899066;0.3559720748592071;11.496688355393005;6
4.6;0.8459856256967883;0.16345542767382656;0.9361285227734163;0.047305967659077366;11.417197676352528;36.182799519680366;0.9949510713032949;3.2315343539673256;0.6553492222121241;12.924121230966968;6
7.208206559020266;0.8131435505386743;0.0;1.0234161098864176;0.11547811823950922;9.9320359311807;33.75639675418341;0.9983150691508602;3.1800144168361757;0.5234615133618905;9.717255716563663;4
6.017823759470953;0.4461549975587307;0.2790237589678122;2.3836932346850332;0.18801145933944285;9.719507728105953;20.78762663872802;0.9970949211524616;3.362351840294212;0.5239813820981031;12.213522773027156;6
11.177106378637282;0.5028492119179949;0.22267634951592227;2.2501830562674;0.09394837207942411;17.020835212490397;11.31376407249951;0.9966144154909352;3.8028585570522764;0.5841906172605328;9.573979205282823;6
10.077081735456183;0.5166894381904894;0.0;1.5318344466341967;0.21265828622633565;19.680860951706592;34.22703156725861;0.9954522502404247;3.4142749026427386;0.6178471032171332;10.798315777012295;6
7.122618399390761;0.4487012942912679;0.3468004444026931;3.3785778097702677;0.035662100992269574;15.233761251240193;46.65966080458972;0.9941244704637882;3.7203940239075233;0.637668918746289;11.203749886284767;6
12.239238301299098;0.5651044971250628;0.4060158214912823;2.924164974300485;0.043237865707362724;24.09320549241846;76.4712587754243;0.9954694597628817;3.3953154543009174;0.5108487458130792;9.873468404662214;6
10.028271947365374;0.39350922760023377;0.3131365509843289;3.4646609435606135;0.12259159481605622;18.7229868536927;9.026358937014702;0.9960729869496128;3.215517064364093;0.6044440023742602;10.514121776897476;6
7.754793392694997;0.32648923971124527;0.2084270467102957;2.083470683806249;0.09023224166466687;11.09871978338981;18.487780389812546;0.9921988538079957;3.3621874117181325;0.4094035647717253;11.39419337962347;7
4.6;0.6420880203020484;0.38237400883285244;3.0348520166753192;0.15550810340693366;10.034643328146199;26.167569970884355;0.9963250252048642;3.5770957899216564;0.6915630081012281;9.660010138806259;6
12.30624007630789;0.643315325159926;0.3992418684905713;1.7627608267590456;0.07804537994866444;15.989652620675905;37.823548924852794;0.9984562789992495;3.584434389448186;0.33;12.206240301715983;5
5.902143907831343;0.38522316326120143;0.3284066782467408;6.438636109887312;0.050156385986926545;18.70281385799026;34.55637334415907;0.9977777140203243;3.223699394793538;0.593923093863429;8.938481611541736;5
5.457006180295009;0.691163977537268;0.11332367241739544;1.4575035522334872;0.07042414610293173;30.68095812561363;35.075080703987;0.9957572088360912;3.347977554354895;0.8068110177167749;12.495469843719372;6
10.099272551696775;0.4163160087502404;0.32255414544712435;6.612735131401119;0.035530795771528914;27.099317964804275;49.185694125308096;0.9967891789669889;3.0956099680493283;0.488642335232084;11.491418964235564;6
12.565169187030335;0.5755697428468366;0.497141323656841;2.2612927325950825;0.04381515337013028;9.571822413228247;21.2991288356549;0.9956432873180983;3.4337002937037147;0.7663974202952544;10.323993633329277;6
10.728634704208302;0.6776619222702421;0.15664047886377128;1.0886616541466643;0.13027731749564314;12.46322083843736;68.80856393429158;0.9969826453933378;3.543003204858384;0.8566610311835166;9.989145013976698;5
9.301201868891106;0.5239497383533317;0.6686084744351619;4.512759412989261;0.12371484252114087;19.827819833454644;49.98812169892223;0.9996262048651137;3.3159699181174025;0.33;9.877479758813605;6
9.354872554497598;0.6118533641854043;0.17013012254277698;2.3705156178257836;0.09497219022000818;25.166793095607797;30.908600409509514;0.9985401477249873;3.209892391845981;0.6150836313353714;10.274698664924994;5
9.804943072277736;0.4370426641002371;0.2761573325346259;3.4520871737897347;0.03222333643143429;23.290060695178074;105.30519243620952;0.9976895091808162;3.3640196426916344;0.33;10.368109428142755;5
9.640535746228972;0.4946360149829425;0.14222773675879613;4.187735235562538;0.06532869740204733;12.75193710591145;102.35710091469946;0.995763518666471;3.372618854704475;0.6202739648107328;11.763092083899002;7
8.809273077706715;0.4929453024415388;0.31242145882484956;2.645901485694708;0.04167818364533478;6.239141299179278;68.75386495980105;0.9981248829465952;3.322171574777443;0.6379779389221563;12.526459887411505;6
8.501309920876265;0.395615897622757;0.0;1.6337952087130594;0.14482335109891917;7.2721783088467005;6.0;0.9934949337923912;3.336807268650393;0.3406716744199355;10.633336515099788;6
8.211087957454831;0.49818065063915923;0.16625205822482297;3.6823520486143466;0.05812359270704881;15.608304560000276;103.83944117872409;0.9962205283842174;3.2839277724295943;1.0410369257534517;9.515177517851336;5
7.0081016153719835;0.2512487062045256;0.06249697193377225;2.221641524792946;0.04479963095240268;16.274548227357418;62.95204057122832;0.9978090516976655;3.459393239233961;0.6871908854180263;9.836073136519273;5
7.831625366251814;0.4415923255144212;0.2957142860995353;3.1687085590249966;0.07989939295710127;6.849303096480704;136.40872869997344;0.9981068003066907;3.420434116774769;0.5153961453364977;10.224092860465925;6
5.374255143300029;0.47872241119345926;0.4589450013466924;0.9;0.05644707404247149;13.610211242366148;83.5053677228278;0.9979727805314099;3.162534527928378;0.9266004258069285;9.31776934733245;5
8.148889049377136;0.48388764455083155;0.3927411755517648;2.7997171117073067;0.16983836721814546;19.359528419544265;103.79952621086792;0.9972601783094984;3.158411409526211;0.4054599667407224;9.158532699745104;5
6.599851473557404;0.4865304597432598;0.0;1.5950192135658403;0.05374284881804622;6.636503608947566;66.4145612532195;0.9963281225397407;3.2718438374460157;0.4680556556260696;12.66392611723914;7
6.3997545880445585;0.5188824440251768;0.6579932340562973;5.23171523478289;0.03807719694629432;25.732337715696882;89.6486100207044;0.9977221543426703;3.4205255686157767;0.35685268451913144;10.743796472762492;5
8.633015823007053;0.6162994732554915;0.326103188717965;3.0672799579089958;0.025757412945396296;10.562315857117905;135.3434253764232;0.9948895640228861;3.332208612083622;1.0088810223130322;9.528547546962029;6
10.742083978239602;0.687413073343854;0.12246516330632996;2.514739654465111;0.07742792588727879;28.202614272576156;43.52606534399771;0.9950951131997429;3.2135274384816017;0.695307791376129;11.293765820282752;6
9.917870894444025;0.41304225916731196;0.2998543046082787;2.8573699623385003;0.0587842473928759;9.6180451111358;13.898017235226195;0.9968172958852746;3.3492277895088747;0.7553996745060703;9.159169646456675;6
5.587328949695672;0.31342384602995405;0.3034760662755115;1.3236308126914895;0.03749562222967521;7.152234866156148;31.1536046083395;0.9970290755211466;3.260378422071659;0.6898058432065256;9.247267108777972;5
6.598047042367613;0.3424320057962415;0.14329874377920293;5.150857548474262;0.14577990248494296;10.063127541366343;48.61922732503439;0.9932313311607271;3.4420729690336196;0.7391811282945921;9.560744630861258;6
9.956941867099497;0.44230347418491317;0.30760416679499436;6.23357980691502;0.11120510905433488;12.514665690492254;39.76340879242971;0.9975647781238041;3.3599587652600573;0.65191232940368;12.190329210525586;6
6.610471935243342;0.4666541627930284;0.15458026535214164;2.722350546882068;0.07753114387945466;10.493083962811781;17.10874738808532;0.9981681839180468;3.2627082718821785;0.6845669216848056;10.14941832961714;6
7.929138319005178;0.3914007080844577;0.1931712213888957;5.063895041538263;0.15963854066808933;11.638431640242112;13.38582080327845;0.9965531580488141;3.3447278158069693;0.65680909042722;8.4;5
9.27709065230272;0.296699000435019;0.13960696420653396;1.653466863349121;0.11093383908077054;16.19400220963448;23.62106309960146;1.0012114859382397;3.5072572089286305;0.5477797776108835;11.714770548497885;6
6.635080648537275;0.44789825105464615;0.0;1.4692078018561034;0.051343931011075074;11.956012763929163;63.475737812559444;0.9954024232980012;3.2245554885180434;0.6316302530704386;10.092171940346278;6
8.503353380693971;0.5626567916205149;0.29770892934092297;2.268378898517734;0.04589384720533987;12.734833550217106;103.93190899657642;0.996013934389565;3.370398547247074;0.6850308946216833;8.441133433710105;5
5.998795638842324;0.6371053038504016;0.3812068929381043;2.7822998949325966;0.12024779983969215;4.746616387733232;68.04113763624747;0.9959493728783584;3.299430948930101;0.6572996373222116;10.081148667879152;5
7.273620299524889;0.4296638504405022;0.3678278832545107;1.8105989006558483;0.09662982203866731;16.7653997281916;74.44123319922309;0.9965552435385471;3.3740475525793148;0.4394742556876137;10.977474169367246;6
8.876420565408015;0.4556603920141819;0.4257857980006945;2.9346012479577;0.08591454078949637;12.559431182601928;36.002068634095586;0.9960754228553641;3.2118152587606406;0.4545162551726382;10.852332608190277;6
5.548190903654896;0.3631943044074841;0.331624639902825;2.602966183242777;0.050718211548548185;34.856720412234615;12.47024801373933;0.9940270599652508;3.3265503149739066;0.8409800839412757;12.344304027706356;7
9.086426044051095;0.5243409493325403;0.16878215533878835;1.3237227953972468;0.10783713568735166;7.536185880307522;28.350050700125976;0.9956615582371507;3.4761734923625203;0.5912940559037091;9.507538387050174;5
8.285830229867575;0.3772828458456534;0.4295361342419259;2.9058822627633987;0.05316928853086112;4.472412290150134;32.137010940449045;0.9965145206780293;3.169448952813084;0.7412368397057626;10.469990528683521;7
9.281332520685838;0.633163006383416;0.012071667430032362;3.4743516949761974;0.07462086033441569;19.207155145030264;27.603192565284264;0.9990342869559178;3.1105892345012376;0.484599554960218;9.671460871921088;5
8.709610593272512;0.20854403145186004;0.09887243732262879;2.427166756747666;0.16662758393463725;16.316649309264598;39.25426084051239;1.0008842622194085;3.1162816653269556;0.43998985055877965;8.769853603219671;6
10.693604348154489;0.46526665895855684;0.08680198642958352;4.0360003109883085;0.0558448911204712;7.2308158747161855;50.242948196425885;0.9992374004059162;3.1344006204699717;0.5161055245238833;11.36751428836737;6
8.53789063460736;0.5841993210545136;0.47521065123646894;1.181628444674555;0.034795768223012384;5.286900499405835;65.33663718008565;0.9952267798436221;3.3992984931839;0.6040832490656642;10.915698438987846;6
7.57283435844206;0.5630902129380508;0.44912981768661436;2.8303096734104414;0.04557772446258455;33.363485071812974;31.74247171366302;0.9953779617398103;3.0991210471201804;0.5399848562826184;10.723535941177772;6
8.532797655276173;1.0147460595164894;0.36258799503854905;1.2108428416910415;0.131762390790867;30.9821786640868;11.247686072576974;0.9963972757027323;3.2653156982884703;0.8871990617764234;10.87666550678675;6
9.265338570523316;0.5929640044222233;0.4736666743902415;1.2466300111766668;0.08978600071785695;2.9742768786799876;27.85403565169823;1.000090661888822;3.402743395496606;0.6688912734653429;9.686544047623391;6
8.405016522366726;0.3492701725684383;0.10293627134172227;1.6013599613126084;0.07358737145910581;10.062607511099761;38.98003685069483;0.9963856943008544;3.372498859082289;1.021202067335035;9.343906256569532;6
8.390629542694755;0.5128164355239668;0.3362330727735863;1.3628795685419943;0.0604173954382978;36.00362171398113;82.7279023202582;0.994177735767979;3.252166153005627;0.7081236386064397;10.460282688221215;6
7.098534463216246;0.21027565997603867;0.2462168586071988;1.6716934575287885;0.10119435028755928;9.955362113093836;26.38445300663355;0.9957477634397892;3.338638559763266;0.3467690466794804;11.662496200580428;6
7.16655240346135;0.5154920451265831;0.43090759973813364;1.987473113680883;0.05064968049322679;9.868741044505994;52.57611311599103;0.998138406403457;3.3260717994606352;0.8352871417125306;12.140642534935296;6
5.8794668270685335;0.38004990973986347;0.24810739581508248;3.4271835301270315;0.09218946161425316;11.18099734759037;45.61740252574872;0.9980108865261026;3.276363856667772;0.4359487124545926;11.271112996283954;6
11.364263533145275;0.6947702496008291;0.1968608512020846;1.8802468992096248;0.053842066980898454;6.758508829701889;38.984767211168425;0.9963195883336659;3.278374792201813;0.6775952476153139;10.451216636641863;5
6.155677970419164;0.43108275057280376;0.3727726185265881;0.9763344214105472;0.049390123859566565;4.759322072909658;68.65029893844779;0.9979984878797641;3.645314115213544;0.5251989653844101;10.70866880445793;6
7.114344955835121;0.5089821351568556;0.43647214176633425;4.009770589783783;0.05652520739380108;24.934323942078827;24.863490336542615;0.992380972815161;3.431396635589695;1.100139734405301;10.432405429478147;6
7.069971357909597;0.4155995885472074;0.1430144129791077;1.4390801410642304;0.06475510126275807;4.380316751978867;26.26049878320065;0.9968972755465622;3.6820976376268213;0.920565447291072;9.322240626521612;6
9.877168415883329;0.8429932433335996;0.25839562244304853;2.1542031904312378;0.07670673217159305;15.372340400962429;37.62084242068613;0.9983353023006004;3.235455530061925;0.5295917477281666;10.44637269468528;4
7.806787559771872;0.4721763020987759;0.06889627960808599;2.799071164438431;0.08889288089241301;22.56859921734048;25.194052519125844;0.9951175597772064;3.297255010466778;0.6188372932509321;8.991735305180311;6
10.491071206452297;0.8598602678262564;0.0;2.462826622191441;0.01161586774583395;5.542221873318758;52.424286456425605;0.9951109567806571;3.110181135208503;0.6800149341406916;10.287237368069748;5
7.148126313815669;0.676547317181288;0.30808732996860855;3.9155305828503173;0.051750437007415995;7.605745504368527;24.046505314768243;0.9931537485097495;3.1885649796865643;0.7954865966880384;12.170632468338061;6
8.805449842269416;0.6167720109203695;0.3856920176883801;2.846569493129394;0.06421455559424209;27.45988419563337;43.79773629615647;0.9997208016301403;3.5952869722993754;0.643878355201833;11.300459368378187;6
6.8664961273280225;0.5963719665171535;0.3197926937264779;1.4211289063433963;0.17172660201081236;18.24922959915736;35.560039358920896;0.9953317074436591;3.2316948565237364;0.4929270068690154;9.432262472866913;6
12.052559482325696;0.6008835136789253;0.0;6.868661955553703;0.04493331740923303;9.145738046726603;43.48084379689383;0.9971579822279381;3.597892195021669;0.5328583556615465;10.342500895482758;5
6.253578750888648;0.18301893571779024;0.20333860828546985;2.4561000853903905;0.08560536268635541;27.280199605107104;28.268372695487045;0.9978474423788184;3.1234956608980164;0.6384129543241821;9.52721734642243;6
8.859088035795029;0.47980098905286384;0.0;2.0574979484547664;0.17083544940797815;27.35052971683708;30.53107930699386;0.9995729291033688;3.1519796448890087;0.8739253999845846;10.353110268050385;6
9.422771772821852;0.6821284348131779;0.5302432104542951;3.6599232601558103;0.03981937292037526;15.57477090829395;40.30304807950677;0.9964075942294274;3.258815316846487;0.7123411789693002;11.533985363681282;6
9.040010429565607;0.5211985069746611;0.06364962939756363;2.5272740870372674;0.09651003160815974;7.716679246020953;43.1256776404609;0.995675083391821;3.3004375117481235;0.525367929068833;11.118718493991597;5
7.997599473552788;0.2770658275753565;0.5085266857973804;2.7312748533017817;0.05189500334770066;10.336892363397803;37.80614693746931;0.997028828532284;3.4484630938675194;0.7532910475884547;13.07803416639751;7
8.094111982463838;0.5205671988960555;0.44971523229998767;8.080991572269848;0.06055731338080198;15.73777328012798;112.56447259355822;0.9991397525254304;3.37761556257794;0.5794270334628899;11.695950820683102;7
8.39623196124365;0.8367389929259884;0.09888783301814826;1.925650182080001;0.05187242661728451;11.831601049323984;20.143043553333904;0.9963766721903385;3.247552711398396;0.8009476789675274;10.638280407753129;7
8.06421651716643;0.7544405087962495;0.05477085925912842;1.8835613172642374;0.05382523824129944;23.289888767054137;36.38578360166635;0.9948857487449903;3.290002629022284;1.212686422503334;11.144550472322624;7
9.997149663223142;0.5188392783141144;0.33657034111340434;2.3590891506426392;0.3227938068649661;5.286820715523131;13.88561854836632;0.9937725601642008;3.262140562032295;0.5835770671214172;10.203385803623831;6
12.166310022768952;0.7012608698704555;0.10957843293521646;3.869807065660334;0.12191027472612022;5.400793494833417;48.06806776627019;0.9943795349692501;3.1728019397011407;0.7831220022738986;9.213570455617448;5
7.349964294086369;0.4640287363337507;0.2894720820100595;1.0171879077722226;0.13931292610971918;14.771321433096562;18.604364270406865;0.9983423438450727;3.1768055595097566;0.5291124193268701;11.817180938767647;6
5.9365428155324045;0.22330311437119063;0.17826275774668554;0.9;0.10154310453752029;9.863217100406903;31.73861495091947;0.996090813495017;3.4641825837150115;0.621209224721684;11.499620880316863;6
8.166389235868817;0.36359612213668024;0.0;1.6381411631026321;0.03420055336828967;9.092265034262374;29.895251427255868;0.9955457102711507;3.035775260810929;0.6439453282427149;10.162071990384458;6
12.808694247518513;0.8113199783314756;0.0;0.9521984469086389;0.09655923462855241;4.581821262411249;45.35043827979407;0.9953396622759505;3.552603804616758;0.6085213673772176;10.713111238516532;6
6.921606251732669;0.48068124527072525;0.3130700072139735;1.7818842450481474;0.13724689968025666;13.40717793131565;26.63853440014336;0.9968615871343803;3.2585508661596654;1.1931753062029264;11.747804930501744;7
11.172063241472678;0.4861908837124968;0.1633040281971812;2.881446648961177;0.050536990279903216;12.837413909206031;25.925463560545257;0.9962450353218454;3.194123709041176;0.5913541500205861;11.325596026040442;6
11.239199416493006;0.47602912467052155;0.16491293478631489;1.3996100218904421;0.12979730487605476;19.62004194985491;94.77691129915065;0.9961810489269335;3.4209638936045903;0.7416363883276696;8.854481661162822;5
7.35675645942809;0.8727445861231412;0.40221412942781926;1.0600891276720221;0.11336507045219565;13.810617269426976;45.45694763534807;0.9992637154628404;3.5327824876220677;0.3918737519374066;10.680673422994111;5
9.31003055778238;0.8226726047651715;0.4929540325601645;2.3020295385856007;0.20558533330983697;12.236262966516344;26.498477754805638;0.9996222309355371;3.4776448662405937;0.7130924005025416;10.240634267727451;5
11.153410124243656;0.9293804420206642;0.21821650294125627;3.4725788920003;0.06334745397717675;26.869616220964055;32.30008306423071;0.993640958821473;3.3852778074039835;0.8536963634168319;11.610910748078389;5
7.660317730681773;0.5013718621279908;0.2052862456871263;0.9225411311755537;0.04452483423097173;6.0239232882659115;108.33508388707807;0.9973224261891717;3.4730295234582753;0.5591408613099961;11.523215730497448;6
7.965770173421891;0.5832124079744772;0.365027176291638;3.3972570068348036;0.06521953430286237;18.287606309936802;32.62470170183277;0.9952239620126194;3.05252536342842;0.3382902108198241;11.830910376150507;6
7.30787520972936;0.2570043411042576;0.012182241757080709;3.3921086296136833;0.1656476076387061;4.8564303959488715;24.41634565198802;0.9962283228836639;3.2317254187767777;0.632907916773508;9.223853057569377;5
6.554323288594412;0.7958481967012894;0.31239908040206243;3.641304863281477;0.03047863315322432;8.008490317629613;24.48313800761674;0.9972876289317407;3.1733244909962735;0.6419282307142545;9.581000658559825;5
7.190257071585148;0.31979968077177173;0.37485833464620927;4.176083846202708;0.026911867349611384;6.396097699337344;26.700905938539368;0.9962958321578312;3.493695809682276;0.7678838242014634;11.612068206664919;6
6.190343935833674;0.5690196014772733;0.39924373959934956;6.952657737948887;0.08240770028874772;21.193850786376764;25.93883559735593;0.9971378737731925;3.2524782971614172;1.0639946862985867;9.786938977583583;6
8.379305234771053;0.3324855450260881;0.0;1.8465109168763238;0.06253767201732455;12.740205483123637;16.751273114629303;0.9979786433914607;3.4368109835173084;0.5804458152239459;8.792066710421691;5
6.980246577957964;0.42400397118703476;0.1253424987363013;2.3505374607472835;0.07899011465409976;13.143664374518938;18.498358046946443;0.9972596959210266;3.3903785413732956;0.5144480505056472;10.98987824174705;5
8.726787486515901;0.379292762411054;0.10312998196354135;1.789652173759547;0.12845690349522523;6.816251179495469;22.328771034478617;0.9954710110220816;3.180653959575448;0.47549925980621194;9.83447626891541;6
5.612741575605689;0.4205824530783528;0.2889785213377505;2.2230482689120348;0.05907033240324397;11.067849303083214;55.29583891632233;0.9955045207467564;3.221956268503557;0.6720443802243351;12.335076124229989;6
8.895731604053156;0.4329579134331839;0.36134147015591694;4.915133686427608;0.02978171041378309;8.376981509019199;29.720748716369943;0.9939645599364257;3.504072653622209;0.7217031022724635;10.736917472767656;6
9.770340393199529;0.4313116169134862;0.5543749774147365;1.1060055369929542;0.22716338650298337;16.68259902325915;33.21300546326632;0.9950775514347107;3.193677602697338;0.5565876200722178;10.591477436706581;6
4.850899981925668;0.6800001041204553;0.17595655873006608;1.4213203538129906;0.04690432214976253;7.306526497978008;85.26221496629415;1.0004279298876073;3.328730141529322;0.7785854907420413;10.02490903597114;5
8.970858431534776;0.33112469724874644;0.17546122532124933;4.534097330482809;0.04542456988676178;29.452215705783853;86.62902566102825;0.9951951932092191;3.1926188070510335;0.7191522506976008;12.12219380730186;7
10.456144046903528;0.5696974568624961;0.48843768358696193;3.7679220647178764;0.1394562173449199;4.843515998899861;31.661439469417267;0.9944325802563567;3.262907171962621;0.6461801570198814;10.803653272082109;6
6.215224627477303;0.7492326474150005;0.326349618320758;1.8397861726804958;0.06445081275702225;8.163129913093607;25.343756801473088;0.9973078629375051;3.303075708404504;0.5084687555345099;9.98290551557286;5
11.230275953097603;0.43762465438758874;0.510853787125715;3.457956859117303;0.07612966733358055;36.28603106751746;21.834005689793003;0.9964903069573455;3.192570023455376;0.5656596029344766;9.570330433932172;6
9.049093076296918;0.4007745996654317;0.3248583205718689;2.650376193698865;0.1010595684296544;10.203099181246241;58.985234814841455;0.9963283728499865;3.165932956902418;0.3452602575843445;10.341383831616287;6
7.093279370980369;0.48850556746755486;0.05014784244447855;4.8327880385909525;0.13800733586479472;6.0152048919030054;33.26507270060518;0.999377187336183;3.3529410005166165;0.6784980504640754;9.373917884244358;5
8.222961804875592;0.7423505375049279;0.01670561259221677;2.308209076324512;0.06617930801118964;15.11415955782829;29.621189812120463;0.997743340683561;3.183289388681324;0.6434198492000489;11.52089886259647;5
9.291488827787797;0.5649393735716044;0.0;3.778865333327477;0.17305790636641258;9.959371086836622;22.552990086733654;0.9956930134297635;3.1884013666451994;0.6704112634630984;8.48507400219407;5
8.452249381057596;0.4343814269706323;0.39578984860410993;8.733515988984774;0.02598705008786234;8.020484417416553;23.195250912320375;0.9958934957565756;3.1691420284447043;0.7262840336703609;10.270719989683615;7
9.257435426856683;0.6170977972138472;0.49583339638653157;3.0278117805609623;0.11667269978699032;6.860867048407136;46.498334873444136;0.9957450856235792;3.298313793050302;0.7047956542214033;11.07284289324409;8
6.718027948041903;0.33158741302944383;0.6213788068634124;2.278280048877255;0.05090189296571682;69.8833737118195;16.37298298538442;0.9983620052810025;3.4515552451599762;0.6215053857541134;10.786067779517333;6
8.614687833822776;0.6526447118797306;0.43019001314141564;3.2293720298743134;0.16029771262675555;11.392552957136523;71.52769509516918;0.9961145195040391;3.53597929544684;0.6470711078325314;9.652507218873234;5
5.860136775385334;0.6035493153863182;0.49093932973164733;1.837737971244352;0.08468893792071137;4.168225626191692;26.96259291130984;0.9932930083453372;3.2011122871009334;0.44773275361091813;11.126476816176007;6
8.126466653253262;0.4745944751950009;0.15979689679579992;7.656086231309456;0.055496361720030474;32.499418275322874;34.45502376182296;0.9966081926104048;3.632546618999682;0.5512436729004928;9.471937854427079;6
6.7472007038512665;0.3790545562794984;0.050280994818667234;2.43801155294969;0.11095139207247061;19.126597171097153;16.1494474151017;0.993779650597857;3.1592942708939806;0.6473668700504385;10.396048417548414;5
7.0401778998938065;0.3703974339889777;0.4315150731593351;1.9278352275452033;0.12503079275057;8.361894953833625;37.60967673155616;1.0008500381433343;3.4725322784991803;0.5303932849057196;11.11747048201898;6
10.470802124866161;0.6262671205422639;0.34935934292548615;1.4401255560374269;0.10975254154358549;7.565420511605863;30.74160499470913;0.9948652309636903;3.2017455318976835;0.7948289384919787;10.915316674057632;5
10.218879609834028;0.7512164904480312;0.2904144311247696;3.921706002862802;0.04612110116762919;19.857078502230767;36.715229753324195;0.9963924569458203;3.1793615095194987;0.5408763024464289;9.69770825778117;5
9.379900330378488;0.41528460553481694;0.3436005813202681;3.4809470218612293;0.061208305910733576;11.42430348374189;96.97052555991391;0.9971905851959322;3.198286576482342;0.6751561320425318;11.701319132723869;6
6.419375789469713;0.6125096066392672;0.33140524166705915;1.716150713200186;0.07850814321173351;4.167198140110627;42.459954368817236;0.9961515494947095;3.302132845052632;0.6583027145304025;10.51276319148952;6
7.769449297531045;0.15433513665162768;0.5139252033721766;2.9940304439963144;0.07700849152528236;38.76532690567303;22.828209107062012;0.9961489422372143;3.3969958256550417;0.7722170761463962;11.215005089704892;6
10.43078999796378;0.4247688084817041;0.5160472611152216;1.0161225155249431;0.1160666382276109;10.210138672519456;24.07525742119166;0.9975014718437057;3.4104802056857233;0.8030582444345113;12.056138077140375;7
8.566587429733435;0.5244093920832377;0.373401866944666;2.444210392652757;0.027668691104887976;32.5357848419566;55.421620582740196;0.999599810321713;3.168402247697817;0.7620591513253769;11.61574698718883;6
12.355633399568148;0.36625698494326997;0.4307025457869564;2.8081089440661615;0.09357009987646757;28.557539231199915;86.83306190067903;0.9981582672554529;3.16155110687331;0.3747851318276533;11.618538464774216;6
9.004373040546207;0.3614288525378728;0.3676718849607074;5.3802615677422745;0.06768862024604612;7.263128526867872;45.38016934545723;0.9995091763692897;3.172504195995468;0.8650425730341911;10.626167524938936;6
8.654165462692655;0.40979967983560056;0.18237775091342243;1.4893674623994544;0.05092901132274954;24.646098167772738;58.8324814237223;0.9947114236946224;3.2932968396421733;0.9412589788770388;11.269510579374245;6
7.782137352287648;0.5825946910987472;0.41374728823349666;1.1448855794307553;0.05352932186245838;8.960018087427137;55.940675488362466;0.9973029890031853;3.278476659371369;0.5656223332824452;10.648548334783818;6
8.55236117432117;0.4962807766868526;0.005045936916740298;1.3962199362457117;0.07038965957363627;4.318239436434815;93.76663018636623;0.9969949674989108;3.1674736806895307;0.6786459310093549;9.126022819477097;5
8.054702484697854;0.12711837800150508;0.4702393949362178;1.1108576004121509;0.012153768401171923;10.267900165862427;10.923461938672338;0.9973670734541858;3.3504405541094866;0.5099636746046037;10.743935857980395;7
9.552109097438148;0.14827397252568814;0.043040641444453354;4.439861954313219;0.05468536887827232;16.82531631551099;58.03095811491327;0.9993148407442076;3.6493853212502976;0.39006122012367994;10.694306252600159;6
9.984662031222577;0.4207642679857085;0.3243026244909993;4.955460954183452;0.04995287183793478;10.035364427461404;71.02129722760483;0.9962805006153951;3.234292680724727;0.5300087318643928;11.044590416828347;6
6.952378338716168;0.6123835854896393;0.10942074789902982;2.6216869928973874;0.10371416098648449;11.019064195120697;16.131464574477143;0.9959295436035472;3.24497322681947;0.5573663422897662;10.283043236521667;5
6.003654660809467;0.12;0.3751439067841411;4.182180491635014;0.05180747316468731;26.335404429925255;21.540061112535504;0.9977145635150955;3.3939492355486554;0.5841653920303977;9.605242554262679;6
5.125002650800265;0.4400485682927065;0.2635542070736973;2.3804351430568738;0.07036862969575683;14.125959119355734;22.025009616987344;0.9933214148176249;3.226177556239481;0.501239471836027;11.122461508997493;7
9.203904908827827;0.4352753858268642;0.0;2.113953536351208;0.17507330164786863;7.9847804303399466;23.808317779434777;0.9962499811066678;3.4103446722577275;0.5307198326702923;9.014798652640094;5
6.40014210525746;0.7799008000775206;0.349932929893511;1.8687067536955035;0.13176599175999357;20.20061694183149;27.874676052208226;0.9964450243903576;3.202218593983144;0.6373581187625728;11.980936475366422;5
4.6;0.4606960738916846;0.160195052401785;1.8907697235569674;0.12562118437820474;14.921167997484167;44.25569233566894;0.9949513186290169;3.584817941136595;0.5257925905091354;10.172382674510658;6
8.996126771883878;0.5989380172533671;0.43741787695454015;0.9956629885518213;0.060707039506029195;2.913894467143649;65.86665276063593;0.9987084121215776;3.3617162458888443;0.7335368077658158;10.6827151441001;5
12.657819160333055;0.5554262852157434;0.2702518808595374;2.5467393941278504;0.10426693206790982;17.138602500221385;75.5849003817937;0.9946817433970477;3.216996557638493;0.7596733205355983;11.017657224011282;5
8.309436613920585;0.14649803363470393;0.3451299872237273;2.1748296697957934;0.06968641443695983;16.766715826715483;22.207932852865387;0.9964418412081089;3.221696245079609;1.1684481369379918;11.052036207983285;6
9.778973947545857;0.6682772989937127;0.08806189854710969;3.267952137607201;0.07106624335998607;13.411811383776167;22.110635614470592;0.9972569987281137;3.232930037093795;0.8501607234581267;8.912386799051644;5
8.462383083872764;0.5687713709821318;0.15802687602880125;2.3310680174437737;0.09729960121549745;22.638124758981917;87.78748863512988;0.9992715579668047;3.515912449937331;0.6797573175400402;11.301772641182362;5
8.147932003447412;0.6214883551414262;0.18285865914079397;2.0411798710395836;0.0577248936520824;8.847972673798942;57.277584702036364;0.9966799427737264;3.1196873488598076;0.5461616212405169;10.744374596362613;5
9.919193080398717;1.236722787158539;0.4327734712460856;1.4138678760348542;0.17065592832602813;16.218674551514756;39.96636587057787;0.9984786918288436;3.2098087494310743;0.6885388000827984;9.740270318522288;4
7.814922293111747;0.15485967089025413;0.5887016466830429;2.3053918670545053;0.0724042081007532;5.170049906522687;51.27687007192444;0.9980311312548266;3.225750916461186;0.6942951567519464;9.617856362487872;6
8.785262626485112;0.8404453969569995;0.11701736716885353;3.2559091209611024;0.10842109885790836;16.921117385249538;37.19344135403872;0.9969345693567214;3.3076468049864594;0.5611688165214961;10.062563202199176;4
8.879754182781063;0.478259446507936;0.4746011474849593;1.2278690020514091;0.16737734713450528;42.825043735547936;52.98169987317062;0.9946299245242805;3.269333546102981;0.7795823933601495;9.030346395326774;5
7.157522610661095;0.5817192027925417;0.0;2.3237704316210386;0.13434002562486894;7.290021350130198;30.59001232028846;0.9939742963642818;3.0863158252914307;0.4484389624243617;12.262826108356117;7
10.04615368819355;0.5218077958457764;0.04310401379246504;2.505873259251511;0.037886297958936936;8.395433025484436;45.001974143865354;0.9969023602626965;3.25002659746068;0.6007494658540719;12.010181917903378;6
8.015570023349989;0.4536374599883522;0.08783209332451282;1.530650926459375;0.0990927792591038;8.6502776155541;14.456058623056824;0.9956688759395851;3.2950673975222546;0.7358334984448106;10.903319215044254;6
7.00500342248245;0.4274300729170235;0.013023349006262813;1.637512128883012;0.1223069476547541;14.326795712612517;24.439611177447144;0.9984465960741945;3.2157853247380324;0.5942100634656314;10.180963694513963;5
9.253527127812502;0.5893115724031417;0.0;2.5027165442481305;0.12494487989447665;6.997516798498551;24.608223978620554;0.9981171273843873;3.4130163233571498;0.6065088013043403;10.209094452906987;6
6.7566657116835955;0.2569087345990978;0.34846979330618155;1.2341969030511104;0.04416412445310668;17.065613872898187;29.850911385846928;0.9963492391105696;3.447911264313047;0.6172038466895302;11.231130305606147;6
8.369035213822283;0.6651042501539178;0.22932713743170635;2.662364781412411;0.055955032000674323;22.036289760215862;20.985819197813782;0.9945003454445116;3.2982419950405912;0.5171524372352415;12.300874782467087;6
8.304132945839086;0.4550850071206543;0.3420870255449709;1.3962731878657995;0.1317801193659221;18.265190374683588;26.96777323400842;0.9976703975442538;3.3445812380276094;0.8606148326700328;9.809675488631484;6
10.209458284546946;0.32658751897273564;0.4011898103630875;3.8524724915534216;0.05299690276609485;4.5808342105315045;14.420416565444677;0.9947658960523432;2.9858416003976096;0.49378444305657604;9.224182934393044;6
9.145974925211117;0.4489976855607536;0.3204672287027814;7.45969227892718;0.06734843181059082;24.08962377516537;53.803440571090164;0.9952589185464313;3.2468345841757253;0.6928121530963162;12.07597562774694;6
8.27645309178345;0.7562868590352632;0.394975003468571;1.4215361126302963;0.17815085887220117;23.26766067659638;35.963076503596334;0.9948391100973912;3.460723253763687;0.7097838785171948;8.507761711284637;5
9.7429133606085;0.43363968433707983;0.25678886561396885;2.9291911327140543;0.07674774329066082;21.816638709923318;12.767200286081588;0.9964368480583141;3.2464845125231085;0.50254869223396;9.340872035169669;5
10.738961135290126;0.5945216512777317;0.04447125622190849;1.5237827147297842;0.053967327505355156;16.576595992595976;22.250396037953536;0.9989233654347341;3.1994107485412058;0.6510910947231746;10.155862055013387;5
9.29058993305224;0.39842787037121485;0.4709846943559513;3.80899346219909;0.04990619423698149;15.124309990127498;46.99186482313396;0.9966904223465753;3.6516533389046395;0.5075394806355452;8.750336189448618;6
8.338013558527482;0.6664259329862515;0.1580686947715859;1.1526818025538177;0.09349211043396133;24.634251499901367;26.805134277035044;0.9958578844843874;3.582861578529371;0.9093060199254734;11.60999949720306;6
6.0374049557107226;0.6533913929822368;0.09223670323513909;2.848906810501307;0.03940479925835547;42.071755660878594;24.29719874319622;0.9938013316329141;3.380136236872324;0.4789020660001686;11.336888639440456;5
6.466702226248852;0.862749589993354;0.23619560359716438;1.4125524518220964;0.06920241650473793;7.475436340099823;36.145334814077295;0.9977490367109867;3.480836591722007;0.5415257895486405;9.80497124687961;5
7.788909014422878;0.49839848981014123;0.09656592533366254;1.9948680756375883;0.09351690154513663;25.320348876230035;47.202150679609296;0.9952172312487356;2.9761096873062884;0.46864276531487076;11.78918710752019;5
7.259448768242848;0.6503578648564232;0.1906882274220079;1.3014650379839723;0.15433242532107908;12.581978130935385;15.157029480696162;0.9969232834764005;3.1918672839056943;0.4530542158593583;11.970742898392094;5
7.994669932805325;0.5476521571170101;0.33537024509705865;3.4009884401317887;0.11122258229171628;12.257823537584029;53.85249730443995;0.9960269846297584;3.239506319024027;0.9566289534267899;10.298907406329631;6
8.418570869320966;0.7632569207353426;0.3361849304567642;1.4391620224795774;0.05432422466132995;5.265408976991205;22.74627275589191;0.9982925367172389;3.2746029851699583;0.7333974480047948;9.937785050002232;6
9.241665392580712;0.40061017023042855;0.09941228737913038;2.9562724949401917;0.1449650855461347;11.16737227671164;37.476409513478515;0.9964012508551457;3.2365083968539055;0.662273553521192;12.837774169684451;7
8.197332126177182;0.6641009563179107;0.17733597913973853;1.8580251563292387;0.06735475506033158;7.279482583553093;37.060364020348324;0.9965880399264062;2.927496056272548;0.5411581024116275;11.191643149630046;5
9.166512860257592;0.49495448669899733;0.4741232709063463;2.0928474377088757;0.04144746489418629;10.02862917765788;27.07948836489099;0.9976229195801654;3.367903692806284;0.8044476870290544;10.694267378676672;6
8.43218548176961;0.5184461281204704;0.3643160223694488;2.397518743120717;0.07195829802216396;6.851331516603808;19.724222414295237;1.0007031863463;3.391548119242091;0.5186460385104423;11.878994162904386;5
4.882688174544264;0.5465154472007071;0.664262357476223;1.4963263807997316;0.16587097501699866;10.119062399505497;31.589553538623747;0.9983880491676813;3.5502848187384974;0.7815425109539549;10.743065779453232;6
6.685556414755368;0.5754032713568019;0.4942243530108903;2.4765952894616956;0.08571391634214356;10.382554379721729;106.95938703103232;0.9965316483979376;3.1917536102837554;0.5123371030373355;9.878985973066468;5
8.06928765304439;0.5090787722380476;0.48741568302638844;4.908670529811413;0.07918675661514887;14.043569047699716;15.8968982207119;0.9967060761821691;3.1794755263330146;0.5428160181940742;10.505770943721682;6
6.215131147456473;0.5686483729706947;0.006304975413397648;1.4837615930212864;0.1839091853517429;5.023755594660333;111.63090964696372;0.9957027670253836;2.9080023271053297;0.7745702180285886;11.531360087432116;6
9.363875990193396;0.8140612503611933;0.4151334668103503;4.076283081533972;0.037448003107637226;5.561256023615038;32.117393762470876;0.9948950081633126;3.265964974511367;0.7955699236231863;8.4;4
10.983506448278034;0.7073809434107393;0.259909707677587;4.827338316565005;0.040388637290094;16.468148361835407;38.77313659937119;0.9956497735045741;3.445166767159326;0.7436355617819935;10.111807108800033;5
10.440645621953331;0.6864478266494414;0.16531345732773262;1.4547796924078746;0.034030875256055165;8.207779664217094;18.94628493594544;0.9952329169689473;3.2182348206710922;0.4898409755134944;11.899871416482318;6
7.948609404581438;0.4480028853157033;0.30192291470118043;1.0446927716892913;0.09544840603270571;25.265725030667475;23.17153316003284;0.9979413999292122;3.6315167227815475;0.5707196418285094;9.872300810829936;5
10.913863478118916;0.3699366509189016;0.44959019157618185;2.596998538888076;0.08576963982651192;15.170531736282806;27.50020230203674;0.9946647297700489;3.2715107746315715;0.6650666886484251;12.074336159661609;6
8.578681375531675;0.7019541004827956;0.3651580022908002;1.6722032421988777;0.17511505118350928;19.077161883172042;19.44878166108434;0.9992331000666221;3.3320488426432835;0.515362505976778;11.933775886714999;5
7.733470410254611;0.687688422655363;0.10308997774500868;5.8493027461264395;0.0892633687217449;30.918637287452793;33.17579914876911;0.9981288881288758;3.105534537912761;0.9046901223946889;10.349883846426822;6
7.252679365438765;0.7950807216351767;0.41106719358259786;2.2611984986395854;0.0637967125312587;11.001456934645788;29.23578134998848;0.9967389532857986;3.353083051776292;0.34770226186810493;9.81166294376877;4
7.793702745510657;0.4212834873255387;0.1488583670055669;1.465340199111379;0.07874742649855042;9.383890943016915;123.51138170992363;0.9967006053617836;3.013102030772096;0.5246594128320662;10.112526004659891;5
7.644572335738262;0.4886812420351376;0.3111697926032144;1.2254400852409923;0.0836266926048174;22.367834317621647;18.01169903900964;0.9956411655117324;3.414054693251972;0.5617019410391292;13.271137506441535;6
8.616524226933349;0.23489285074542188;0.2123634871793445;3.906865514808662;0.03305815955502368;17.99477010322017;40.47526775641597;0.9972131603815608;3.418664226435312;0.33;12.425634158218571;6
8.599398727026765;0.4593552009090429;0.22841541217023112;1.6517231933008392;0.32086087256290136;11.840590710904662;44.404038283144395;0.9987673756800963;3.5138937136504764;0.44865142470500197;10.55416833983321;5
8.325300075066941;0.7093826919043005;0.4155861652576968;2.2717956603996265;0.10302192743705266;30.563496042268277;19.145510189241424;0.995364002721714;3.157004692184847;0.7488968109189328;9.769275699766162;5
9.08027241535865;0.4460308317389244;0.07236319323497942;3.644547895773892;0.0877273679145624;11.664725122405098;58.761738068026915;0.9937865550310544;3.334084317744613;0.6440630692459481;10.545233908071951;6
10.391724518128234;0.6452863631361483;0.6395870641126173;1.7278386402190187;0.10824149828602032;13.514122950259415;29.39835274828776;0.9980361146842278;3.3945724839079756;0.9522555157495126;10.680894811479938;6
9.972224195667904;0.495709440920394;0.0;2.168532324098946;0.11366383933446696;13.42068771318505;7.725256137390514;0.9973162953510633;3.3763422457495467;0.9455433171134585;9.08960615075799;5
5.736277534897168;0.588330265079881;0.15644314018157718;2.2017833246847265;0.07314309321384847;7.5587218951788;57.75867062201336;0.9945716222772618;3.1802051087297722;0.713282162676988;10.505644158060328;6
4.6;0.32341554983317994;0.3403402590889308;3.1645508594991365;0.05670862312545871;13.882800699565145;18.584257441751028;0.9953065563952632;2.951202716566579;0.6919485818693465;11.83497262754855;7
9.945716645556336;0.5453377009341022;0.3810196916227089;3.0162920728758182;0.10736295998088308;30.66098628183419;19.42298144533333;0.9950677018793047;3.3620440445326722;0.6499084620261016;8.494688351098374;6
5.941631064757168;0.12;0.2509096130913759;1.981339819917174;0.09609724973500543;17.31049801600204;58.80205117871766;0.995323388688835;3.2871250482535124;0.33;11.304444842696856;7
7.928908200706731;0.4963586915308428;0.2590957664297069;2.2952530272568072;0.05169036267857455;13.500248238094407;30.374176806172024;0.9960850027673218;3.224999411055784;0.44884131858514914;11.891033827958614;7
6.284003334656715;0.2365148161312748;0.34800451621224715;1.8315590812797031;0.16423309608017134;12.02379407331685;68.09346387987043;0.9961935601218667;3.42459180455732;0.6556568189770781;9.820203640749027;6
5.1845540386107665;0.7470790129784269;0.22609679928304077;1.0325500193777581;0.09160258619727495;16.16389586609624;82.06313134481267;0.99546349205537;3.303262069276835;0.7471405267928493;12.23276806126443;6
9.262145147076332;0.669933323497612;0.5347044390076321;2.5379717971053948;0.11487332120629011;20.788192570968143;25.11728067251623;0.9952594887429501;3.11212074208483;0.6878275941073148;9.681339343180271;5
9.640929978926605;0.6140007767538946;0.42947633170400445;5.921252727685105;0.16193967525143863;19.10556174735543;62.89196432592842;0.9962653097465533;3.0202821566355667;0.5097526149581184;10.891958448190632;5
7.3168719027355085;0.8037811208886884;0.4358366266910706;1.4047186546275996;0.07957238983894009;10.856036145971077;23.40649766660007;0.9970186139162331;3.140655510230025;0.8105454071330241;10.091753227409916;5
4.6;0.3591950262515293;0.08643022255962075;1.4876618059822193;0.09273068671418185;16.10492281693241;157.64437701539427;0.9960990365809068;3.668951844215018;0.9306166813481197;10.091513897836014;6
7.369534660040681;0.8445253756248005;0.2549161993629165;1.4142088517278695;0.11975274657512927;17.677950748787822;24.35906281316587;0.9989014673443485;3.418416516089916;0.8106652488131308;9.75948999535889;5
9.001738969400432;0.6977944815668693;0.21291146974306632;3.2329638370361713;0.05402089997121318;7.236194736996059;72.96710442571296;0.9976653666573996;3.3382918512962516;0.8213388217266827;11.167475764522361;5
5.746693870333017;0.48742004830058977;0.07893573861900152;2.8018999591302176;0.08091087051148918;14.659597087206604;64.9530942820565;0.9936773928719685;3.282750860922129;0.5546765665564207;11.32822183977265;6
8.63904626041573;0.73441162649293;0.33843119494969576;2.0455919012929162;0.08396747495561867;3.617919817744241;46.38066123386776;0.9976950827542863;3.272891059007885;0.8395091003459253;10.351068246452408;5
8.293360862438988;0.33086716776590586;0.1678473060218349;1.3799674706330074;0.047916609525211755;17.705514887636756;24.710014884427405;0.9978505335669127;3.4850793975038643;0.6631915448190727;8.964834011370666;6
9.327967209305895;0.3815874509250188;0.39452672767154506;2.3296830308525838;0.2617367971589787;19.70109825046206;34.41631013615817;0.9958740035605641;3.2364106387144855;0.7276173320813325;10.851392078298797;6
8.528069841040628;0.42045384981685396;0.06666360305007699;0.9870206861021821;0.03791825472269859;20.760485674844816;9.589993454912408;0.9938591245841241;3.396538061602644;0.7011628302064871;10.871555364569442;6
6.6268600428660935;0.4347840125484773;0.596617716439946;2.3921451515920205;0.04012754379095118;10.451777333891089;43.74510167523399;0.9967153268428812;3.257735807456261;0.6197587448551669;10.188114937816522;6
10.402034412896215;0.33981962430315454;0.09969679486750828;3.4887802430720543;0.1555439497036261;15.953435051226377;47.383783558667616;0.9966853535621838;3.6010234947752595;0.5139639747809481;12.417937477283465;6
8.044158542933072;0.7501549520771585;0.3116674440680829;1.1611117248806855;0.11389133829794942;31.165897380717546;41.27898554826253;0.994568872150587;3.4213432761367457;0.6259707665168144;8.7465956865563;5
8.27249010125272;0.4834062079334303;0.42045326897373286;1.0035810366710314;0.04621044454772471;30.97583846344965;6.0;0.9939426834891062;3.496833522202544;0.8207483111139964;8.4;5
6.696113751212639;0.5934508943042384;0.16157831826197858;5.035196842403462;0.107800309885925;13.020541807759509;16.901737478518076;0.9965336482617385;3.2223385337967643;0.5714797091384889;9.638006657323492;5
7.548688882926772;0.4273367540455375;0.4319690422522606;1.6173505909192716;0.16844413954189896;14.407232771048806;23.51684858765413;0.9962571533351035;3.4687204168851133;0.8015445723117133;11.18015425147785;6
6.780443277593193;0.20229140590126696;0.03645511641792094;4.001217535215997;0.07744894892648861;25.823904370648773;45.66316344510144;0.9959071958058875;3.2631133861907964;0.7704172088428812;9.29024623794579;6
8.019073855733245;0.578610324510456;0.5459023628446865;2.050410897079373;0.3028308647728287;5.379624916487351;45.59560204452809;0.9965415196039815;3.3265052235899275;0.5925026893865863;9.370361117177099;5
11.298372755447678;0.1857941044244402;0.2726883603434941;2.041972278433865;0.03217350039648131;10.91349710672396;34.00527036463051;0.9946047248897414;3.5552571505929187;0.9087893806676275;11.437592829710626;7
5.93289201129944;0.5176458717046156;0.15668183248591283;2.7873106143068873;0.11274864517657089;29.55457209012429;56.858800274134445;0.9958738408355544;3.1535837414865373;0.5840623623359923;10.914926277393592;5
5.512403167694471;0.28370329301009417;0.21315546323878745;1.4045150239031436;0.14407381277795578;23.802444356430716;19.691738745942647;0.9977133175581673;3.34048715969581;0.9370313054813189;10.823455173302388;6
10.879836369838879;0.8877096798615455;0.4236946611846167;2.3786330357933387;0.12491124452169007;16.541005366173135;55.95843212319464;0.9960350568473326;3.375700788777809;0.713477542706572;11.256128943828115;5
7.9557768017557535;0.6940452899914499;0.15895349454841676;1.8223644598603845;0.07076235540795688;5.3633953414154245;51.32288367909946;0.9935232523035942;3.3880006571201213;0.6365735888147116;9.965043539998014;6
7.155813434731745;0.5490356824288665;0.12762203900967228;1.12015131558904;0.06767246884796514;12.85936829253559;48.236266220302326;0.9958018846723252;3.24238232603598;0.5103554929937786;10.014487040757736;6
10.129434156069173;0.7574672019778403;0.22790804645908977;2.6452522692215745;0.09905420427657213;9.297332248057307;33.7497858298221;0.994666698919337;3.6229396151212123;0.6250000001692274;11.286463821640725;6
7.266228960857857;0.3776631240561676;0.04637719857370608;1.9374767495776462;0.1201089882092283;16.165564607730126;121.94198172583128;0.9972075589632773;3.115760217198961;0.6069693504717528;8.980971144564116;5
11.497256901571669;0.6278262881606168;0.615903342508945;2.0471964658403667;0.10753140772185708;8.149281480955937;51.93089637865784;0.9973057910664228;3.5288328082948706;0.4646132669275189;8.4;4
9.499591016130328;0.5659658780693685;0.1623850276692026;1.1860724428160145;0.13492685564823992;7.15611116907669;20.433086764027443;0.9935483282123365;3.492259840838746;0.6048415415307471;9.956385934218195;5
7.471034149826478;0.5775236146400606;0.4280071893742767;5.066511854013606;0.046380798142043045;3.833673438911438;44.4170532523037;0.9981421246441062;3.5951333184405527;0.5213371303520279;11.41603441930029;6
12.073716291081976;0.7590236300192182;0.3097993158930768;3.498176968005545;0.06990820422700189;27.60251643488047;61.27628607205388;0.9945868460275707;3.071765935193827;0.7414747966118747;10.693448877915879;6
7.266056033974191;0.6618485785003644;0.08293853040842608;3.6603604435116277;0.048316957268521664;10.422165712447965;26.044819152518496;0.9996624463519165;3.1796752768165435;0.8899797593056292;11.337301909411627;6
9.611245947296194;0.5819702593085042;0.26886860524958145;1.8956230885895888;0.06439656180833435;14.56231951777635;75.96962940625774;0.9966073250974489;3.533791458874246;0.46832328276948365;8.4;5
8.840769089907296;0.23212026147890674;0.41896052806904216;0.9063284253021477;0.13319993909019065;13.232898733168303;48.37434723481147;0.9943318523527757;3.0284441268054536;0.986443982057205;10.757581584906136;7
10.585029843553908;0.35719166684969655;0.23423034633360176;6.110576800113697;0.08320602328460953;6.979058078366708;8.50087672588837;0.9945302264656839;3.069031164843938;0.6186501484579549;11.119635019967344;6
11.037029482304725;0.5079123919527697;0.49669145971169537;2.151550838368527;0.3040956817116918;6.22027433974335;45.897281807429074;0.997361381054396;3.2367538319932763;0.4991973818101767;8.974646757806568;5
8.375687219374434;0.5468070273697972;0.46408792462855414;1.5064616352369053;0.086975236754489;7.244369792873995;29.254198144147924;0.9959565302091931;3.33879906829334;0.7744666478800174;11.342401621884804;7
7.009052905597641;0.32656332955869377;0.4445938223850826;2.756264957428349;0.08114790204603074;8.582208550108247;53.40929844312471;0.9965163575717255;3.5488337610473164;0.5707590438155052;10.300674780738802;6
9.120351528714062;0.9641018016041158;0.1826652132681306;4.066388034509916;0.08312833885324794;16.514623650490353;69.25235263764823;0.9997642824421245;3.2822101127604464;0.6260342288010479;13.706330270718421;6
7.140775256631335;0.8029509299456432;0.06482993492151749;2.1943986371589093;0.05651579005919769;8.216265653322926;42.93584456613294;0.9953714362779648;3.218764127790319;0.5768929492042308;8.4;5
11.823293810696324;0.6383812976706471;0.15341835498106907;4.308200063979142;0.07634924791606298;37.82804669826194;109.71955607905515;0.9968139294296219;3.356708490654464;0.5196308190697192;11.884952373411984;6
8.557571476083963;0.5429666350310741;0.3072857787266769;3.8929087553611343;0.14120791660234872;24.5568656998794;33.821664592126915;0.9993977045260088;3.38043947249416;0.7678686403783913;9.998250836717101;5
7.684340500716931;0.49180238541779264;0.3736994755711476;1.2712279532317943;0.0834647779158097;21.53281436641174;56.48165953108502;0.9972139756033862;3.3761859733255406;0.5944032798808937;8.689647665549153;5
8.641343732204941;0.35865467719599764;0.0;1.5661806631396669;0.05213272349578645;12.331774463286376;63.36253143083023;0.9936474548028198;3.2833020688072985;0.44407839159725804;9.856157996385459;6
5.976000256218328;0.5439464933333953;0.26845849169376745;3.647825531843506;0.04869257685618959;32.90345948981148;35.62425045711656;0.9976602391222911;3.0167370829122775;0.7349391654263556;10.716902788231089;5
6.629391572991467;0.5763954572256952;0.3000369528114051;0.9;0.06229124653561118;11.62442978349114;62.313117140999054;0.9944902945702115;3.1723576016340505;0.47086233787464654;11.530089336434596;6
10.4087201998233;0.3064830964133077;0.21726659130004522;2.055243317049126;0.08174653385336927;13.004217106183427;25.935934370308583;0.9993729343045926;3.523040662790119;0.47714806830111306;12.262501788301428;6
7.177003954589772;0.5901517551040816;0.515342029413017;1.057891158279414;0.14610993040927694;14.67496111406736;28.947030611430357;0.9951365515505038;3.33806034069649;0.8647045750250776;11.941425604913647;7
6.498374890133426;0.5020533712115453;0.3501382141076655;1.7347519484256508;0.0392550639606401;20.19810209834365;16.403833126407363;1.0023420680647168;3.2616216821339417;0.4719666277937616;9.38704123784619;4
9.253775789397478;0.18659463958206965;0.5189364625353704;1.9021427695556843;0.0666489459737001;19.425731551765473;44.22199010105274;0.9994880143778226;3.4777252822560962;0.3553193962847846;11.629276220724744;7
10.383125229113615;0.3751306980596897;0.2289675011334559;1.8444522483388883;0.0847885063668232;9.960968173483078;46.6527099384812;0.9951864361177069;3.1404825051446577;0.7484360929351348;10.838674904119335;7
9.570978760557216;0.4555510039841041;0.44812072357631577;1.6680019149155991;0.03039497016892953;9.620695500903254;80.46050163068185;0.9967380262295031;3.276197779943049;0.5917634081147511;9.719574767605982;6
10.05312297330212;0.8697837783212342;0.5806626149602288;1.2576217881597835;0.0510586660439179;19.46070646341449;62.80682935032597;0.9981319241351037;3.3306637607761056;0.6048354558965435;10.193255664979095;5
7.003176545889138;0.6301795624160764;0.5192217553618056;7.2842637782630995;0.05529572922778537;20.361487836960166;31.607521611229963;0.9981889549010308;3.2437933745058056;0.590170195648178;9.660468354394146;5
5.8460494398691925;0.2896133175620197;0.062493097248540734;5.845844059753822;0.05206488427672073;10.462428000152993;17.87193967814923;0.9975404388939548;3.32511442343524;0.67779041547995;10.459688805872007;6
10.932320554402548;0.6174865320951747;0.22180154526694762;1.2160091727532505;0.08690684126069563;5.10761371260884;49.96891869674719;0.9990791021702357;3.2818459102867354;0.528130898340802;9.639266065945291;5
7.758537080414684;0.25148528199109427;0.20441870596453865;5.04219261965872;0.07238808248917042;11.699304438172618;77.0182884661403;0.9964663590013947;3.100098542832119;0.929125050301892;9.32004634165734;6
7.883550551368218;0.7248843896996732;0.3629583616645023;1.8054648516334295;0.058987159432203;19.270216405712365;61.382028285962996;0.9960032364297056;3.3372216822818586;0.43964600337997384;10.932657466727566;6
10.631057806817362;0.4451975626727819;0.40040717545276133;2.3745563450026097;0.09822632595419555;39.19087156516718;75.73751605141813;0.9960409584229433;3.11074723127307;0.7154237549195572;11.092741686637812;6
9.287840216357148;0.5131454860269493;0.11061039193511012;2.149125212576084;0.19228416581539548;6.452817656005156;33.112941641213844;0.9983309091407471;3.3348422687645085;0.7520983915065705;10.219271209901976;5
9.113244723421998;0.7686433965575943;0.28288931764421815;1.5776200709679107;0.18410433505408352;10.255738867816426;28.14456597071371;0.997393843976575;3.5161203736225164;0.5272037604117565;11.88338689521149;5
12.087104080127887;0.29831055765483505;0.0;3.697918115513602;0.029022858203563536;10.487264247065552;23.685390336452322;0.9972534389648116;3.267846520408592;0.4930720067482189;10.141339272450228;6
7.200278279138551;0.2785187266796616;0.5439695511023591;2.3704973635657356;0.10612406170821222;29.915962510065295;36.579205603468154;0.9982109450735887;3.134277530504352;0.8270991567373095;10.096031236715675;6
9.934441822861354;0.42495212125771914;0.17264889427142824;1.7347540866667657;0.07173539458543444;12.975504557597727;36.05322307288013;0.9928030004250777;3.290951828019253;0.4971973729362353;11.126723211109896;7
8.419202837320928;0.716908193183477;0.2806141485704544;1.1294226494467534;0.08526677236196686;7.683535436790614;43.25255598985636;0.9972891307653629;3.1852043337882203;0.548047498260529;10.27830462411063;6
8.787350565222068;0.2565177064141684;0.21116655434226844;1.3975469582859463;0.06399137009971655;18.534268034165414;34.905170223584896;0.9971152808888601;3.3991763503947205;0.8003188184141815;10.510733570057974;6
10.979535061957804;0.12;0.48774523925254887;0.9485253720270698;0.08362154062409374;10.391736972462649;34.80883923365486;0.9998707353544714;3.287801687871572;0.6447911302001205;8.4;6
9.203634215943946;0.44879140548638025;0.0;2.234885628096121;0.0851011880349699;6.351192284375107;23.091451175133052;0.993795682833699;3.566464487749686;0.4053027223238463;10.437876901669632;6
9.256635177546361;0.6293133439839657;0.2668440349580773;1.1943974219159161;0.05826757545542798;7.750992910394161;69.1377191454384;0.9996586546015158;3.484448439351601;0.9951707235480161;8.464900346905752;5
10.186162766919056;0.7460471149529893;0.24989443607543743;1.935215984252271;0.04942322641346851;37.54625777264225;39.8048073761989;0.9968432773449569;3.2870379243277896;0.5587989497165307;9.113582889031209;4
7.68498225059538;0.4466309548246282;0.18380908635758028;4.517492310098564;0.06233992646448501;16.69015798142996;33.91380648874659;0.9976290801082541;3.4173413601959637;0.5771153766107653;8.99120488353161;5
6.859775178830129;0.4559432107191196;0.5979830436707702;4.1347749575201025;0.08883773361443778;14.1367052469136;23.52678231833191;0.9998842456964578;3.251014538625573;0.6819456098713134;9.304436025718806;5
6.502032002403402;0.7377021321660345;0.10140740281740349;2.183930365787323;0.10733766369659185;11.403905008277098;16.201733623468524;0.9977654464092106;3.3150935327747755;0.7488564368352307;9.83272637019349;5
4.898539534485757;0.19344649405482434;0.41664127367477566;2.122766382588992;0.12247386527790297;15.792334629007797;87.34835403319053;0.9974606997499789;3.255784870547453;1.0506498517190115;9.899452901366331;6
11.897800406096161;0.46006626046705834;0.3376880298541559;5.883572931580601;0.06088621538995224;15.679739322617774;54.00773258341001;0.9971603532530244;3.4249683939774562;0.41963115040295185;11.130774468555124;6
6.400417443644272;0.5642763001865104;0.509688657981748;2.9088403438577273;0.09115200780117917;15.792524206236013;13.447040343052883;0.9957813915435108;3.524948241506437;0.7879694106039037;10.657954961124126;6
7.935018694960757;0.6108593698313062;0.143234073892274;1.8737801174328312;0.12960733185109594;14.196992293643644;61.694544571626516;0.9966458706634302;3.4297972310786715;0.7715777514938277;8.4;4
7.838344858193278;0.4382347952256412;0.1307359091664858;1.0605334107452424;0.1440040803390472;22.328850154601525;68.29841471033517;0.9953405257443668;3.4482904901928033;0.6173009899875077;10.509125262175084;5
8.854887654187836;0.5361993821070514;0.47825328242070575;2.72370498461333;0.07630980896752206;13.435864467473143;41.039335197078195;0.9966153228910916;3.4484550155853593;0.7802826146046034;10.760533113844268;6
9.739382749818375;0.12;0.350811048582721;3.413302370440857;0.07015661783705328;7.364474519144125;105.11737729951113;0.9922617316755954;3.3926883883502064;0.8099021914307417;10.068433827609335;6
9.817223869745957;0.4115152857799073;0.0;1.6007619287060564;0.08687235279638662;9.172489686169941;43.530646380676885;0.9975151751783784;3.13910707611846;0.450276600598399;10.354852004709828;5
7.305445256890048;0.6116315682598041;0.16753204725197865;2.5825585473288655;0.043337905040962015;4.036531503494784;15.347120996517424;0.9964686992178111;3.565145727912475;0.9958538262665433;10.623631834174851;6
8.029208218011645;0.3531870738341577;0.3434127042311316;1.8393650951644316;0.07115784646620013;44.764894597830086;47.856478428342335;0.9960612129003332;3.580661624004764;0.4305451276064394;11.23812156947007;6
8.811689113849642;0.5406171598861276;0.42917520209385196;2.01874025353025;0.11575649197627215;22.247941685444598;44.32054593176612;0.9971175403594863;3.274918059502995;0.4793230265727456;8.734878413414874;5
7.887277440440628;0.6104370501444856;0.14094617589333855;0.9;0.10975555884294165;8.048472731229424;25.793580238010527;0.9939762285463657;3.254395312717573;0.5981078141026528;10.158580768655575;6
11.116781302274788;0.4683411438456023;0.0;1.9796280314605579;0.06838424497995671;11.187140377242956;54.66382602876291;1.0003656129935805;3.401861747937306;1.041063878810147;12.03391962492177;6
9.174296415850558;0.5606834787793827;0.3694124052900363;3.670264231449806;0.08807886365267972;9.038752038101018;13.076793333412207;0.9965047418231736;3.392621925277526;0.5911048705747616;11.935827599878813;6
9.598687347726683;0.35670813824876985;0.03813906891064461;1.6009684990587845;0.0512961688793514;33.466856500816064;71.33158674075383;0.9964228955773529;3.2797080896870474;0.6339864552906869;11.330502512720084;6
9.4734134074813;0.49280996965471163;0.0;2.282059607485962;0.11331545392284559;5.6475668997998225;21.64405279731301;0.9948657472007475;3.1224961516618595;0.9188127259968183;10.994402411832572;6
10.361844512024465;0.6398389105260601;0.0;1.500888713721927;0.0755619767918751;14.193845842270196;20.217624334881613;0.9967454981266536;3.3558551786124666;0.5922953789441336;12.190459180790235;7
8.63497751214445;0.5582551329743182;0.42465636343757085;2.6769177445786947;0.06818295298155903;12.414497048499614;35.25155792740078;0.9993352237915193;3.392715480726332;0.4741130764568213;12.472097361719133;7
6.063512410556827;0.42442437147849166;0.29443731557694364;1.985030362106641;0.06521629636795853;21.77314158700917;49.97282624623942;0.9986682407979209;3.4188731722058194;0.5750016236650286;10.281884412789868;5
9.015457036049597;0.5703589527723427;0.22712528766467222;1.36487199747037;0.07614925336609306;12.448236137302745;42.08833994383779;0.9983234317271671;3.362393915853131;0.9046509308317474;9.382707285681498;4
7.186639004802218;0.6586297623145912;0.5339146289629247;4.430423892505084;0.062366380976124194;4.609002780141203;23.59851401358324;0.9977381580081679;3.269332727745714;0.6507216787115114;10.13078722014179;6
7.400206973755424;0.161010569856054;0.3910916897743838;3.5941432503487913;0.11068137572298459;11.395523544978843;27.44445364483498;0.9960187691976311;3.4591003059259418;1.0425736465376803;13.733464199736098;8
9.340273392633863;0.7386333316920616;0.5770970081171641;1.6231052094238245;0.06409099641066797;7.390070892706921;18.394262498939803;0.9939446899826303;3.3198772746348877;0.7705859841691206;8.740788713284042;6
10.474612544294526;0.4694741470374071;0.00538026028827069;2.8744192073400643;0.17973677563952503;13.899438885954163;32.84374444605498;0.9963180263334535;3.240261547845292;0.5427745768338386;9.916523120703523;5
8.357012543520748;0.6065881879832414;0.26343538144874695;2.934059551761377;0.16821366606734553;31.357856866999555;75.28181091709325;0.996251844217386;3.2829019926931418;0.6474661844749394;8.908420466832885;5
8.857369441922197;0.745504446256141;0.0;3.0979773085854108;0.04954703621777854;4.661296332364071;37.804674614167325;0.9986927094353754;3.0481046451287526;0.5148484954769907;10.553497333278802;6
11.281854003665314;0.2830987344985162;0.22641735694746123;0.9228842797346097;0.08157038688003129;8.194063342933338;65.60401261575477;0.9972878418406737;3.2826637263732192;0.5395344028873645;9.133120599082492;6
8.73891053231011;0.40230061956304164;0.22276298778433135;3.7417863563031823;0.056140450120199914;9.507534057668535;95.96653016410244;0.9997633919030168;3.4132654779812004;1.988920869000911;10.303636405568028;6
12.846928618673887;0.47806123474237316;0.3890565910799834;1.652994944527809;0.06641357141448431;10.53633747107533;26.04631650019314;0.9989752282260725;3.3609674533208844;0.8274032362760148;8.4;5
9.303986783398887;0.38892436619760296;0.2786571374169607;1.8448503916484105;0.22226236067972385;20.668162571746063;33.652293007454475;0.9958326583419422;3.538099625947178;0.7950197732740268;11.080854111640576;6
5.256272799068878;0.8422885836506255;0.388447356273184;8.714841053513087;0.06707390844690768;11.939040988470214;151.53582146659176;0.9932892545264222;3.270553762897644;0.5457581206368084;11.727909424420732;6
9.630814420721887;0.37578102311117734;0.40365362529638993;2.596880741820208;0.0948354417151614;17.00989637479391;95.29165586131865;0.9993325929444888;3.3830969744579975;0.9513986381999179;10.0091803243921;6
8.983215589696034;0.430001579692364;0.679436448702797;1.817805332728366;0.1041744477266957;9.09923374612693;13.037300697133473;0.9992828319241385;3.4289110264458658;0.8445202459024288;10.275410892428999;6
10.564169792103979;0.5667900256885359;0.2100936354956364;0.9;0.046821658344298356;15.213003666106763;48.532507599664626;0.9941041979772858;3.661428551243111;1.029696265387365;10.245154263117495;7
9.491335551209728;0.31361308530630405;0.091205686873388;4.563763865463878;0.05049255659379325;21.14115288308028;37.9212175637761;0.9995675560376723;3.331714823667646;1.0171145140441953;10.613574422490776;7
8.079086587868234;0.4587774718838725;0.3167558869101177;1.105893656597417;0.042090428488753655;8.535268698666831;64.23838036660108;0.9974260226241258;3.1533719231703965;0.43932756606865475;10.379158541945921;6
6.189721068856504;0.5871415870250315;0.11756679484348675;1.3202065018467353;0.049690447556299464;21.186412636867846;23.56360499464823;0.9970053024464388;3.4371893130032922;0.4824280803152563;11.241885139100843;5
7.9562995323223165;0.47008512721114804;0.5515725460029418;1.8703397351362372;0.017942429007509482;13.674149795828495;22.18264362436558;0.99976808818307;3.5898591033952685;0.4955710358400479;11.739351872792511;6
6.840094409675818;0.5131903653980093;0.21618857260040583;4.627231561688594;0.10435079208447387;24.82841082644395;24.622998472728245;0.9992549018291382;3.2616176934660066;0.5031453036604479;9.548943791933365;5
7.309889197339783;0.43472021975929326;0.1625404901039419;3.31551483022243;0.22831054123917316;11.740810412238657;26.315156783868606;0.9979375288087909;3.4361622307909623;0.6937422002025831;10.089018512731503;6
9.344126423691861;0.257395344347462;0.18045001298128763;2.0463343682662765;0.08494303059779369;16.660465638926066;63.78373984505603;0.9975991124250428;3.494309208284338;0.553612299030681;11.384732810349476;6
11.225633837571447;0.5878867780410629;0.4064993104596118;2.605534177176652;0.037742154257749065;12.931431380073711;17.837509872329544;0.9978711491520077;3.4625598315955233;1.0807628721422455;8.898814118576835;7
9.006728461891987;0.8458879528965035;0.24002807318601782;1.6269129290688336;0.0563703671053062;12.506669406097588;25.477542351357073;0.9959398908756232;3.328833778371037;1.0357316478858782;8.4;5
6.239163472058779;0.533312293541019;0.1480833041752274;2.387472066331111;0.062011615374122864;15.480367159012847;12.102289824228036;0.9965953072455086;3.205228936268028;0.638092691343461;10.662158069601372;6
9.093608642703044;0.570547541104559;0.5864168643484708;2.306806413408138;0.04641172351120748;18.2922010100906;72.08905203651726;0.9949855974062704;3.297808067797962;1.049112347148493;10.951090659845427;7
10.402138786763434;0.6546900959210348;0.10732773027426751;3.6691241929257785;0.12290871052098795;6.255868780639482;85.31349322413193;0.9960672244260961;3.3787900680816447;0.9319598643687672;9.647138798889657;5
7.258977746484275;0.3015205106215942;0.2767575540662688;3.666098446554127;0.11976720675335449;31.3476233081814;30.766090275863256;0.9960033956305291;3.4462333786137593;0.5701442726123457;9.800843372091112;6
8.086810129989123;0.8364526384633291;0.3939381688059438;2.868747419526951;0.04320898279817383;4.336531200914475;31.34329211654159;0.9954929197977189;3.360091757199856;0.384092947200845;9.606594215737239;5
8.345557458828804;0.5664191833561044;0.0;1.8405339790339657;0.11459136746927746;8.782221345502673;50.62281695424134;0.9969598183550321;3.2530138050189135;0.6047874357551312;9.492389993901455;5
6.954276935236902;0.8237342418360396;0.36124949526712574;3.2619644914089245;0.1736747826896842;12.521275029790312;97.14229743150302;0.996084436383669;3.3933069484224654;0.542800275595553;11.162040528046923;5
9.448007954888315;0.39805406080568195;0.06952954165871464;2.1174001034069514;0.21104303182349937;16.974718286278602;49.201853181988874;0.9976542459686688;3.439012760161423;0.6734812864560338;9.156866618912526;6
8.10955022142246;0.8572511460604084;0.4263287283584605;1.2675875977116382;0.3476982972332495;34.14964109078229;24.287889074701788;0.9936175908347419;3.366941508462172;0.6537573167754711;10.135890538266317;5
9.049986452398228;0.669527988926261;0.08709630773539451;1.8018916962111473;0.04927924841579997;4.340105107297268;13.490839047666174;0.9964846258911961;3.184571932819251;0.6494287367864481;9.451290300759108;5
6.775763610624346;0.6295472154534245;0.40162611605128357;2.3202241282233436;0.34038426195999777;9.768005859833467;18.605792385504135;0.9969499481163373;3.2827890947924216;0.7298575824571821;8.862840795785699;5
7.558822557437266;0.5721244017835666;0.4801082825959955;3.5594474350080385;0.06547106236427518;3.693606287361737;39.72109865962499;0.99610980444431;3.45217311646187;0.47003489224872674;11.351090646979046;6
9.576943562620322;0.48526484874659914;0.433672939870233;2.0192678858213973;0.057860618825274344;13.50477809146515;24.951135603297534;0.9963724538703624;3.102547328688329;0.709372466052296;9.863787012274313;6
7.671270315360326;0.7460956985252971;0.31775016316523946;1.1866640963043975;0.09321869597880635;15.599401633663808;42.930519575642755;0.9936880325796134;2.9960232966413263;0.571749128069094;10.621630886050209;5
11.324917101146125;0.5552647765726485;0.2260528208433571;2.2870507453097173;0.05817367967273018;34.45090496124855;26.636271701822952;0.997377306498872;3.5362124275216034;0.672368695715402;8.806358808612918;5
7.624633037030592;0.17592745335431256;0.16048028049637963;2.3552744578125107;0.09676408585647986;14.246447835304183;19.294842455145094;0.9979304513668774;3.386712288253282;0.8146652369419919;9.62612478448057;6
8.710951422808282;0.3289064368927396;0.5494965912552497;2.4453090196673424;0.039672835109537764;24.807018565672582;17.885039181144922;0.9976377208589872;3.401009500378016;0.46862200759647393;11.229014032343656;6
9.942708047459176;0.49654776460530553;0.13709590816814782;3.5773050308349568;0.06951117131414415;18.816278007862497;102.74576736270717;0.9986735814129402;3.1484774539559415;0.5951581855428928;13.188380457754482;6
5.852043624696525;0.5857998169697999;0.07295744602170075;3.7657486433643035;0.15325024239101548;10.202428464390966;66.85398067609029;0.9970829062509868;3.420629209519981;0.6202227501256101;8.4;5
5.25619266715345;0.5198140719980188;0.3964200976562377;1.6321278990493777;0.07637995521522795;5.684718326763207;114.38621837860362;0.9976094942432369;3.351287303135255;0.5610328792171853;10.204814659040315;6
5.665358012648036;0.7494147421628594;0.11873400739456587;1.6136800378856806;0.08466923218800762;15.630527401658952;53.50383765684267;0.996996572403068;3.0723508633227405;0.8028625326651944;10.861140240013546;6
10.516896339963298;0.17880166447304757;0.08948793548143583;1.295291976999723;0.10066558304019897;5.407809769344284;28.81022133259993;0.9980063463672257;3.5236425121410786;0.532476329903431;9.760772836033967;5
7.359766826147143;0.5558458285709289;0.0;3.190060752069405;0.14438299524110004;28.8466786993803;88.20976901968463;0.993703263691349;3.333802498542809;0.5552146135952807;11.328988526083712;5
12.77126675706276;0.2027637394303122;0.17824713050250166;4.70561029044161;0.03334290422189193;12.021665097535676;37.116038956038324;0.9950021961608418;3.2505874050881096;0.5338910951358902;9.492596042393465;6
7.338209178336144;0.6667482131871504;0.2542841454596663;1.8861783946213757;0.10653500940275076;27.16457449584394;43.645316162002864;0.9997151093483629;3.2533015381022174;0.8429463091039598;10.584616996431807;5
8.641119267562845;0.5129974314004395;0.3161874282555328;1.9595701006459345;0.06845977686899954;9.930566806004423;36.88565096785078;0.9920251719380172;3.0077167141851437;0.5641448439190159;9.861383062186755;6
11.003271317468103;0.6055297949643413;0.45074818641690184;4.749622449106074;0.08577607990371643;15.572882241699634;6.0;0.9964336619333318;3.3990004899447044;0.7181798290462544;11.724791258761607;6
11.810601625396874;0.3745010670938421;0.3701106054965008;2.886017348114077;0.13632609879675184;15.026153399510163;105.56270713695643;0.9989273224232553;3.349278581086859;1.0545450714441404;9.696289981751901;5
11.907016223347332;0.7603036876983952;0.23373427828489585;2.7841674593209444;0.04234959548149014;12.897008000525101;51.85830707402908;0.9965228047354707;3.2808879801500357;0.6271329023965447;10.043495037973427;6
10.422557241232068;0.7175104395305932;0.23234282148785323;1.1979616288702726;0.04653079524841623;10.21830404527902;46.78901730976508;0.9959304789642437;3.501772781117751;0.8472311920974573;11.431887270121956;6
10.101868794911946;0.6350379745421398;0.3669299190938849;3.1570210371735303;0.02883294510456117;16.773034442888132;36.44220321109607;0.9969459011859491;3.1024211471506233;0.9762579229217528;9.319998634770636;6
9.350996891610059;0.5066868955645807;0.5117883309564282;1.3720390842310315;0.05917490730131062;7.597094203347924;42.075012446945316;0.9960290716579954;3.2204841285448578;0.8292017480682368;10.493562560737022;5
9.67434827252995;0.6343743113531238;0.2939996979018081;1.23381369606828;0.15685680595764387;6.4084869161221905;25.892835324861135;0.9967586140362382;3.182498761785942;0.6364226897518026;8.469888252255336;4
7.360936853588353;0.40275933776227724;0.18086513770002233;1.8554523515037886;0.0739044521490852;27.95325308996946;56.18546719645952;0.9954015760306117;3.268180753034267;0.7520958667757449;9.25591119926689;5
6.896333942845186;0.6840000186237282;0.08135545979374638;1.6392644207628844;0.039262470282068744;20.507930496678068;16.460361983165473;0.998806481397916;3.3201205037885835;0.46120123894629006;10.82888046520316;5
8.314128444104943;0.8269065609783058;0.0;1.9798144758488576;0.061155580106012554;13.785634060735655;42.68738374309468;0.9994042033500248;3.3745020285717033;0.5244860893051555;9.359953664796231;5
8.023878756806624;0.7227099007962535;0.3965912376882694;1.052340407560669;0.036366445963637306;36.024178394041485;54.24729016909277;0.9964465583879879;3.2579539820342323;0.5483238123509548;9.837306962948544;4
7.531383194170542;0.3986715554346663;0.3798159194915159;3.650244695393499;0.04389258854478931;11.282145739360896;33.39350870957566;0.9940656701006867;3.178396639726766;1.1277790816678992;10.947602450191294;7
9.531714158574685;0.5950551171091586;0.37969906977026574;3.984121619851288;0.0962522811869478;29.32704023624059;48.03084952232874;0.9957046979764046;3.5629010424655667;0.5201781151012743;9.800270828972785;5
9.982231062912689;0.2972345221234434;0.2455547051931094;0.9;0.04279812190709388;14.724400112062757;20.135364248200847;0.9963504215458044;3.6717460287682853;0.5182184319726398;11.300441018341504;7
8.473827982147816;0.6330302560116217;0.5373176017194327;3.6875935305646754;0.1401024621430441;7.160293011595058;20.465832848905197;0.9976605238661161;3.331493000782304;0.4905557508745431;10.65075918261009;5
10.890902341036156;0.611108614315257;0.17801748602888465;1.4590280991934994;0.07582504918663577;40.207150490029996;44.08976717396334;0.9947847748759757;3.19648294494687;0.7365711485306914;10.886180929759218;6
6.333460941407702;0.1934330588842105;0.45150115506936905;3.462572239553977;0.08224542321718517;24.02522416593982;58.45212020023902;0.99523859159458;3.531318119656344;0.6626644264071587;11.74783319065023;7
7.983032540853291;0.3208789080957746;0.26263884995198683;2.143371462366135;0.06809737570419651;12.321689474074804;11.457019446248738;0.9976702846619317;3.0929864340507303;0.8418155105616486;10.76221067699705;7
7.07272916215112;0.4790349985861219;0.15441335471092588;2.254140400724103;0.11746569795868646;20.50797078365415;52.8950719849703;0.9984839267808752;3.259784001294276;0.757673356231058;12.066566600802197;6
5.072226286292876;0.4758452455146513;0.3825807583903747;2.0176260097058205;0.11809561874378387;10.39757506673419;26.802062786695068;0.9955189713141758;3.205582442298055;0.4504561445657029;11.395050642850471;6
8.176135606633704;0.3122941516246151;0.34783086254995876;4.1623603262146265;0.0936054018539869;21.803377276708076;33.51869568977108;0.9941668875974932;3.1360696674324267;0.5208782238741421;9.85990590007713;6
8.108159335413086;0.6000161712833931;0.337824824260716;1.1681202032423246;0.1054501445999403;3.1515326729747097;16.12329001912651;1.002939824582447;3.2679963650617347;0.9033991981470982;11.80366844027276;6
10.953402553241308;0.5752652496092923;0.2854429001906778;3.0431369548254965;0.07047908542121316;7.181610689495914;22.013282712171033;0.9981882780504686;3.1803741881239054;0.6070403147074027;10.702336642366152;6
9.417612331125314;0.4950315562438666;0.26280031447380214;3.930068668022545;0.10422209693886159;23.860547715076017;70.2275387615946;0.9961926928526427;3.311898169622298;0.8636063208840707;9.997692711733261;5
6.537914925667184;0.3939575299714947;0.7237906786453834;3.2191668621230556;0.06602787227746769;11.405536674958482;38.71112407792329;0.9983511594235086;3.3140765751508696;0.6153458927952271;10.717872693993344;6
11.546121065421488;0.7187672827549815;0.4950087625872729;7.409105353951748;0.07876526612592095;15.009857639768088;29.69153128278832;0.9964635324035426;3.216800241471703;0.5001300798962408;11.610189702097582;7
10.444598630214115;0.8279732803558931;0.4073371100472473;1.6882795378379674;0.06822921238273731;5.9010246569620985;35.191684237706966;0.9983475980892904;3.2544229965109195;0.5918538023913791;10.906898250839177;5
9.332850004035391;0.44295893290762334;0.2912418400586438;3.6473862925143843;0.062064972500620236;40.20296806510227;51.799028412868935;0.9970028470757748;3.2753726548144435;0.5000802198440535;12.369960330829995;6
7.925917668001293;0.4198099549121323;0.46135986811336716;2.1019587990251205;0.05503184973574679;27.088847505169678;50.21328804112975;0.9968734166065184;3.4314769091679143;0.5537878152784995;11.58258769695174;7
6.6505757281011455;0.6184173797741593;0.3684190075143759;4.208514638368318;0.1002712103824581;11.745992473482854;36.13531715452676;0.9964841944503615;3.287735589840372;0.6725294999913053;10.979781235740314;6
7.672360209636368;0.46555471164554246;0.2749789030270668;2.21193941695609;0.1552521387899411;10.391379103770628;76.1485948381754;0.9939499754664202;3.4337052611179146;0.7276264720863972;9.32210715146696;6
10.214422598285283;0.5049085038806179;0.21232277819947623;1.8163424896307567;0.14441597322612007;24.593078119736933;70.42220483163729;1.000382380308847;3.3978719475331984;0.42712915156284287;10.227686210009171;5
11.59918017232622;0.6631375673104408;0.2546257058440893;4.370037017746217;0.04100141747142756;43.58827292413649;49.351589214552526;0.9949110855514913;3.3957296045351115;0.6363312880294525;10.496680629533412;5
11.00524373919361;0.18631590424868733;0.0;1.7213105564311615;0.1535383028288015;23.497887640189756;39.25217948796336;0.99411595520501;3.518176895551896;0.5508393395792202;11.16539570630299;6
7.469402006091883;0.7672944184734805;0.310014159466552;1.0678648842104475;0.06670662088509897;48.83793571039621;57.66553974649354;0.9962955662227629;3.1420913680381135;0.5422787561681587;11.101946354161246;5
6.371865666077121;0.5430824943792815;0.17718954477903168;1.6989003059261434;0.10743438762489649;7.614508246644945;46.326807903089346;0.9948732035543301;3.239022534053933;0.6609976188021823;10.601408238933566;5
8.565142069625495;0.4559312339788076;0.572607299673748;3.060841350098047;0.04917144188913902;8.100285561106913;74.60164291360638;0.9966017456979355;3.5744948200449356;0.5559114043462969;10.548774409453573;6
5.2429155039206385;0.5139378522401392;0.2736753734542333;4.569147252811781;0.08468610206391271;6.487859741208849;67.30664725970027;0.9980067513122673;3.27140252491161;0.9072561710023846;11.190888877731394;7
8.88231182268152;0.5232372839036934;0.04409695028835726;2.3524360058424447;0.09257552938549587;17.277179182456354;19.792389358865492;0.9985910755110056;2.8877314465141226;0.8637092140515552;9.501312738575916;5
8.063171499840317;0.21838376537991347;0.26052277071565766;4.397585349575975;0.03642792707319315;14.724660700731006;18.9553272913067;0.9982479883710812;3.279554748527817;0.8623457131966783;12.234201926597347;6
7.509096486749259;0.7990888809415825;0.07123699383812421;1.0984873108529225;0.10785501201180346;12.094894692706525;24.230486662527504;0.9961192990959072;3.3302409295244875;0.5637923466146402;8.4;4
5.545216662955776;0.5374386138087114;0.35994740898536864;1.7649428183181628;0.15812307156788163;21.54444558116803;70.67777132395466;0.9967942244725571;2.9174330323853184;0.5007842747892168;11.97728814592407;6
9.213664185431307;0.6097403834805275;0.32527999922450224;1.9122696444067653;0.07186108431527294;27.7775450100306;13.861889214054989;0.9974749701967053;3.5100903459831923;0.6525656713379204;10.371651484585076;5
7.393100538988274;0.7012789587033278;0.4519895299105709;2.0927530114257356;0.15929463931785584;5.299893217543562;48.76876226899324;0.9933602038945101;3.20294313042016;0.6152418112043966;11.492760401270605;6
6.2843447058640995;0.3461907576391459;0.1197324595780326;2.3197039749609654;0.07130251582320833;9.258009380991309;47.776344267173585;0.9977841109302278;3.3592844672781275;0.547747658107408;10.809309264693095;5
4.6;0.6152249418263411;0.2764615382833479;3.177018164200764;0.12223498039979497;21.68576188567818;79.61181743120545;0.9939311313535908;3.2761027681983905;0.4744379033617497;10.790256819674559;5
8.272124065211893;0.48182460363821716;0.010645858868939314;1.7635315941919325;0.024895081357827788;10.005259531151648;42.53157143315791;1.0005766585379223;3.1167472871193938;0.6324483141045588;11.013052289348376;6
11.403717778205355;0.6824187395389689;0.4032840085656958;2.3866988200597854;0.27583294589837165;8.203994600918334;16.08534959632065;0.9959314213391808;3.149423779804687;0.5769234785742786;11.285688089323923;5
11.210591033313294;0.14709906433673087;0.36858552428362323;2.1694383205691627;0.17087336977494844;24.430145889116158;20.550538695809383;0.9963487371633303;3.169737574535868;0.7609618060199501;10.068151015551653;5
7.524652513539888;0.5121630259565716;0.3642029539952385;1.3743495890089115;0.06787690511710304;6.10759843942057;17.828469291142422;0.9952375565114481;3.472850786377546;0.75649258199409;11.527235069663073;7
7.272151014970502;0.42149228195888694;0.2703076159578188;2.0937215361340207;0.028289924432327505;11.055316732781199;26.892145222205524;0.9955030569394743;3.2878692717849773;0.8448165784965878;9.259616432770702;5
9.135667205570542;0.6078073311141481;0.3488068492498703;2.061426674926064;0.09135001298019278;16.142328081970458;33.73124263374695;1.0010207777813722;3.231720172517238;0.4644956234838192;10.414296286541047;5
6.582809335812373;0.6146079537262764;0.5748244305786333;2.038666908159799;0.03720464759969828;9.38764991768122;18.017823094741956;0.9984867024083843;3.1698086631114655;0.7075226824007753;11.314487818971337;5
8.845117905685871;0.40262733893203534;0.21583209116201738;2.257629136185498;0.09909060237609844;21.209299114521166;96.90575702723196;0.9937565153542192;3.489422533228919;0.5315220526717425;11.484668810189001;6
9.652979684389361;0.4018087044483122;0.29634258490491605;2.3096019358329523;0.09739453819983494;9.41556226598418;16.270451423350494;0.999558004511302;3.529630190878538;0.46909562194685295;10.9130440676397;6
10.454863809558695;0.5100802336596807;0.06363600315553215;1.7750045431279144;0.04828220669332656;30.880167260376044;89.50056026586985;0.9989671603227688;3.4877115848060023;0.573347385630267;9.999070091387363;5
8.145731906924883;0.3686043990832626;0.10503041729631687;4.295134315566251;0.14070925334541137;12.286768219925294;80.7640334783881;0.9961656963216523;3.383865600873125;0.8379723349057323;11.379477322854513;7
7.965607674692079;0.6815570651813828;0.2885845256877284;1.2113450429047914;0.11947652375443313;19.830825143322116;67.25259540885841;0.9972827241898568;3.3534745062806066;0.5815849042285829;9.703778124142934;6
6.792310299043584;0.46354270391945973;0.47974737387336236;1.5283478308722227;0.13050585068306741;20.74151370744022;24.34647989245328;0.9966716062491;3.127609327303615;0.9504034250916917;12.294007708911336;6
6.881228183970644;0.12;0.22130664339220124;9.380811208613402;0.07903641386766735;9.089581902478079;47.16762064416025;1.0004479018184491;3.2731271309933416;0.7345329079405283;10.32940213967536;5
7.925926728091344;0.46253202980807495;0.22517585943069648;1.2967746881036355;0.037756736148445165;3.8599642034102915;16.775630630499474;0.995187048640915;3.2074209694980347;0.5783844660580264;8.772600507199622;7
8.959215981860151;0.343062112248085;0.19269180354416882;1.1010067691166157;0.13064460833443553;16.45669309636427;67.79577458865552;0.9969774201585739;3.0361731836522936;0.8575985773893143;9.14168868922229;6
9.909637249645854;0.23637035321702984;0.16839623253957864;3.249569531728317;0.06838056379308757;13.838701646414464;36.15936057385135;0.9958865238711136;3.468556512874805;0.7155183863664909;10.466698691461158;6
6.9224686258162;0.307263205119937;0.3260445765846761;0.9;0.03826424048271883;18.502354133756068;29.19281784523067;0.9939772232312261;3.205625508041159;0.5045987643607637;10.569613040318877;6
10.917278109989567;0.5496935249299346;0.0;1.9658328744277034;0.1586244791891335;11.565082134115727;17.359708228560557;1.0008641126846045;3.4893912861152963;1.0237583076416903;12.527532652897673;6
7.848244934185931;0.7691553490846816;0.5133785195666782;6.753103110349506;0.23372762843399553;10.232010889317868;7.79898612688968;0.9944550234997055;3.442261960114002;0.6825844765945851;9.308805708752777;4
8.282820907833722;0.5863732052956965;0.14356976335540253;0.9971428590065505;0.07700895178056094;44.27437861354605;19.537783927039033;0.9971182454562268;3.393507696495013;0.6421906075348868;10.462224553255206;6
7.019851678282787;0.4208293901211668;0.40716166223324685;0.9;0.24107943352608477;5.472335236419007;77.11887423273998;0.9933926688478774;3.4019326107644776;0.5145465613809722;9.286419094422198;5
4.6;0.6120627551307265;0.028700266495163596;1.021071659238537;0.08248977866081968;20.591645884890724;29.31392390189976;0.9959417659754382;3.217702917688944;0.8618453457494701;9.892859307061658;5
9.858238989668227;0.4473637441605815;0.39707962480378145;3.537642086095356;0.06458577189629218;9.383241932507326;34.024698122131134;0.9975017407607236;3.5886775226935996;0.7286729321572313;12.221850072174192;6
9.602108380940834;0.404971933550634;0.39766947548475456;3.9781181449261434;0.05673164764880293;10.8305464837183;57.600556052865564;0.9951330054389456;3.3164688146429575;0.7496466759510487;9.20412024122309;6
7.830490050614309;0.32221471971806287;0.34299839368112034;1.7026537477990153;0.1838968587666414;10.952719906302287;120.00607742031751;0.9978149235163978;3.355289752767806;0.5619917484889101;11.048135393752583;6
8.436563847971277;0.2146708147846906;0.08105858085803949;3.164366993159479;0.05249400671911888;8.178272580353294;88.3034802738357;0.9961888219254127;3.2126385499650043;0.7895984119642491;10.840410874145398;7
9.217734238805134;0.4598137328192999;0.31741415602363465;4.564925846814923;0.11519847846883134;18.674269914266564;20.3810023797377;0.9989041567735574;3.170325210883456;0.8053048350727263;10.394136573796716;5
5.6011702090174165;0.5584496281856237;0.0452193249004661;5.6080795820400295;0.05886864623909691;30.548549919668783;10.972508312678997;0.9992873457353465;3.3815944013214136;0.5394871993710005;10.975797186815159;5
7.399448341417448;0.5126077393973199;0.2219749815317248;1.9545951260001986;0.06196564362482705;17.572869523072345;170.899170817969;0.995585184954613;3.342627024390818;0.44629687098233867;9.178778191320681;4
9.70202054254198;0.4551259529694755;0.46558848918151197;0.9;0.1342422327157805;14.099580084039795;161.2954549138545;0.9968457924328467;3.1915971451146135;0.7406073233973076;12.192265083349806;6
6.137536403685506;0.35976570907457944;0.421373366143441;1.4512222531456602;0.0645998105699104;7.326964547956975;42.75241308423742;0.9970485630302973;3.0942359921836893;0.4289565558862178;12.479584679782167;6
8.830790801969934;0.6394843145032943;0.27288475908268234;1.7800632070330382;0.06377559880860148;18.07397065021727;16.849483054814293;0.9978767636613259;3.119511536900868;0.6642441181295697;10.470402026602466;6
5.959547659955276;0.2929162544096147;0.08478675057466005;1.9418689222764614;0.1415757979019295;48.386738290974606;70.09773604860652;0.9967273257928642;3.4894200575636662;0.5706446838898568;13.012723559756504;7
9.131588169434336;0.6696850244918255;0.39266166531309676;2.0147401013206587;0.1801505098042491;10.542265575643295;35.3832145356468;0.9970614008227514;3.2180119278024892;0.8704345637154227;9.993040113241586;5
8.257983820802378;0.3496009365931896;0.2736824351626248;3.966008876092931;0.10991179359035694;10.57213832250575;35.27054325629124;0.9962375276978893;3.259163718148625;0.5785672345953073;10.84846223342622;5
5.509670640324414;0.3945616572764537;0.0;4.298950862625906;0.05602081580688147;9.459708032855039;67.0878217843112;0.9969189557472469;3.5275510388138596;0.8462037453664915;11.95212129823873;7
10.34664647675548;0.26597866568917816;0.41869966700013844;2.03171247965554;0.06036995110562567;9.875844735786178;46.92513298873095;0.9991660863677168;3.1416774157770377;0.5610413436973333;9.928865227561486;6
7.041810656371395;0.43974761356058545;0.2653957615647585;3.9242773907386037;0.0820035176751104;2.547549637090557;17.78506429215721;0.9979275581583026;3.2009507761424416;0.8235048950767474;8.941742506999;5
6.910160759594977;0.7055562425260362;0.4984657371167837;2.673063108631429;0.09292220505209474;16.900244534587;30.81190352377693;0.9980323857149425;3.194684975715896;1.0774106462064768;8.695462739787827;5
8.66899040318184;0.6228130559199122;0.061898601419867125;2.296272629911094;0.047132630531478266;7.973978375447573;57.8067333837018;0.9980738336158577;3.552710272174906;0.48756525919170796;12.625084423375846;6
10.318628988005965;0.7061159801650463;0.0;3.5526804381736343;0.11447000609061242;5.0373123101537916;52.49928255680265;0.9964077633220261;3.609007525087362;0.6882401674341997;9.853943623816507;5
6.552470034977589;0.6239856582681085;0.32302593308558514;2.305509934737992;0.08224195219103331;20.83098041168513;44.80743051990248;0.9973057713828012;3.4227344838103257;1.2828014396681995;10.221261663142206;6
8.427322938735472;0.3313394308645336;0.32539709856957477;6.451973008269065;0.03231319368136514;6.9181916584218;68.77701946048884;0.9946381700111622;3.427507708623136;0.650016810181562;9.229342436196472;5
9.066140710575198;0.4704579396210397;0.0;1.0537433044976061;0.048595650936520844;10.811759968238963;30.09332502301927;0.9991107345470023;3.2229467495720905;0.6492264133282586;11.434723028882232;6
9.526003756637872;0.38956415675885675;0.0840850862853448;1.70037667337414;0.06057317844751627;31.971487833266234;42.48629465812014;0.991412375178548;3.6020992730356425;0.7805249618933258;9.583730950629693;6
8.627008306182372;0.7695034827270273;0.7934913713067814;2.0798213995770456;0.07575675489810196;5.683847538573495;6.0;0.9965344180545628;3.3501544381537993;0.6458280022079012;9.894348560402385;5
7.68137155999502;0.31457804364326397;0.21193398331077737;2.7888134102874864;0.20959451643100704;5.277860382311076;28.451016060325454;0.9988677023565855;3.4379665396674612;0.41464549722257266;10.740486848775292;6
6.879993016071228;0.69086558409004;0.4088822055114811;4.2845639120174575;0.08901816397548959;15.577142479645564;61.72449989251004;0.9941086509261042;3.294171259184357;0.8515856462482443;9.281470857847237;6
8.469890356500692;0.6907316966195785;0.1463746328000071;2.192866049411469;0.05086905335132159;26.429234144809893;29.547562210296512;0.997459581843472;3.2697951119008586;0.38470350858153557;10.228916971619778;6
6.454478119145044;0.8593316363088958;0.0;1.062617817224286;0.08821201608698277;5.1471762239769925;28.151600359789395;0.9954065437514998;3.559456338939418;0.575066214488827;11.9203642607685;6
4.6;0.4562564133266905;0.23765093310877797;3.4367164447791723;0.0655430426253183;16.927209942668217;19.501506349336477;0.9959992737961412;3.390958551960746;0.8679585308880605;10.878232205343044;6
9.079614059234343;0.6582179887244292;0.21953513354564003;3.284249113660244;0.09310688120194255;18.78423632360341;71.91664092465602;0.998497287825215;3.5277063191605573;0.5839149780523576;10.559680252898344;5
9.89284662348998;0.9406973305769917;0.19402313465300944;0.9;0.10631663023830193;3.8468320110285146;53.79529619022212;0.9970763081591818;3.3482992257617568;0.536090780412396;10.649905239126335;6
4.6;0.4188244981519346;0.24821824125378544;2.216397561675465;0.14730024490022556;21.405691632093;64.1958182115979;0.9928347238510198;3.1827450195365365;0.7986886117382895;10.003625447305076;7
6.563068573804709;0.2536927554441753;0.320210971612671;0.9740518502377905;0.07768938976591794;22.4338065202502;12.597180511399591;0.99484479147451;3.2224985600682268;0.5151230294459715;12.55588298213777;6
9.397328414149044;0.19159819389660257;0.24147777926177677;1.5736166379605618;0.18407607490304181;10.987755778481251;34.2180468275324;0.9985531378962886;3.3254447863696917;0.46888029651890134;9.550991870328549;6
11.900042117298357;0.6582881651950396;0.0298388280900009;1.390888985565768;0.1259964527628493;28.11353948957313;31.7021602700038;0.9975529911645667;3.216024967593501;0.6851905432430685;10.645690993301406;5
8.35618105135521;0.19103296254945495;0.3623751103967684;3.3780004673069053;0.05451122026967582;26.22317139779661;31.692840544354173;1.0000214575877961;3.1438807887058466;0.610183203645177;10.543077355986803;7
